-- create database
CREATE database PIZZA;
USE PIZZA;

-- Create the ORDERS table
CREATE TABLE ORDERS (
    ORDER_ID INT PRIMARY KEY,
    ORDER_DATE DATE,
    ORDER_TIME TIME
);


-- Create the PIZZA_TYPES table
CREATE TABLE PIZZA_TYPES (
    PIZZA_TYPE_ID VARCHAR(25) PRIMARY KEY,
    NAME VARCHAR(25),
    CATEGORY VARCHAR(25),
    INGREDIENTS VARCHAR(55)
);
ALTER TABLE PIZZA_TYPES
MODIFY COLUMN ingredients VARCHAR(200);

ALTER TABLE PIZZA_TYPES
MODIFY COLUMN name VARCHAR(200);
ALTER TABLE PIZZA_TYPES
MODIFY COLUMN category VARCHAR(200);
ALTER TABLE PIZZA_TYPES
MODIFY COLUMN pizza_type_id VARCHAR(200) primary key;

-- Create the PIZZAS table
CREATE TABLE PIZZAS (
    PIZZA_ID VARCHAR(25) PRIMARY KEY,
    SIZE VARCHAR(25),
    PRICE INT,
    PIZZA_TYPE_ID VARCHAR(25),
    FOREIGN KEY (PIZZA_TYPE_ID) REFERENCES PIZZA_TYPES(PIZZA_TYPE_ID)
);

-- Create the ORDER_details table
CREATE TABLE ORDER_DETAILS (
    ORDER_DETAIL_ID INT PRIMARY KEY AUTO_INCREMENT,
    ORDER_ID INT,
    PIZZA_ID VARCHAR(25),
    QUANTITY INT,
    FOREIGN KEY (ORDER_ID) REFERENCES ORDERS(ORDER_ID),
    FOREIGN KEY (PIZZA_ID) REFERENCES PIZZAS(PIZZA_ID)
);


-- insert values for pizza_types
INSERT INTO PIZZA_TYPES (PIZZA_TYPE_ID, NAME, CATEGORY, INGREDIENTS)
VALUES
('bbq_ckn', 'The Barbecue Chicken Pizza', 'Chicken', 'Barbecued Chicken, Red Peppers, Green Peppers, Tomatoes, Red Onions, Barbecue Sauce'),
('cali_ckn', 'The California Chicken Pizza', 'Chicken', 'Chicken, Artichoke, Spinach, Garlic, Jalapeno Peppers, Fontina Cheese, Gouda Cheese'),
('ckn_alfredo', 'The Chicken Alfredo Pizza', 'Chicken', 'Chicken, Red Onions, Red Peppers, Mushrooms, Asiago Cheese, Alfredo Sauce'),
('ckn_pesto', 'The Chicken Pesto Pizza', 'Chicken', 'Chicken, Tomatoes, Red Peppers, Spinach, Garlic, Pesto Sauce'),
('southw_ckn', 'The Southwest Chicken Pizza', 'Chicken', 'Chicken, Tomatoes, Red Peppers, Red Onions, Jalapeno Peppers, Corn, Cilantro, Chipotle Sauce'),
('thai_ckn', 'The Thai Chicken Pizza', 'Chicken', 'Chicken, Pineapple, Tomatoes, Red Peppers, Thai Sweet Chilli Sauce'),
('big_meat', 'The Big Meat Pizza', 'Classic', 'Bacon, Pepperoni, Italian Sausage, Chorizo Sausage'),
('classic_dlx', 'The Classic Deluxe Pizza', 'Classic', 'Pepperoni, Mushrooms, Red Onions, Red Peppers, Bacon'),
('hawaiian', 'The Hawaiian Pizza', 'Classic', 'Sliced Ham, Pineapple, Mozzarella Cheese'),
('ital_cpcllo', 'The Italian Capocollo Pizza', 'Classic', 'Capocollo, Red Peppers, Tomatoes, Goat Cheese, Garlic, Oregano'),
('napolitana', 'The Napolitana Pizza', 'Classic', 'Tomatoes, Anchovies, Green Olives, Red Onions, Garlic'),
('pep_msh_pep', 'The Pepperoni, Mushroom, and Peppers Pizza', 'Classic', 'Pepperoni, Mushrooms, Green Peppers'),
('pepperoni', 'The Pepperoni Pizza', 'Classic', 'Mozzarella Cheese, Pepperoni'),
('the_greek', 'The Greek Pizza', 'Classic', 'Kalamata Olives, Feta Cheese, Tomatoes, Garlic, Beef Chuck Roast, Red Onions'),
('brie_carre', 'The Brie Carre Pizza', 'Supreme', 'Brie Carre Cheese, Prosciutto, Caramelized Onions, Pears, Thyme, Garlic'),
('calabrese', 'The Calabrese Pizza', 'Supreme', '‘Nduja Salami, Pancetta, Tomatoes, Red Onions, Friggitello Peppers, Garlic'),
('ital_supr', 'The Italian Supreme Pizza', 'Supreme', 'Calabrese Salami, Capocollo, Tomatoes, Red Onions, Green Olives, Garlic'),
('peppr_salami', 'The Pepper Salami Pizza', 'Supreme', 'Genoa Salami, Capocollo, Pepperoni, Tomatoes, Asiago Cheese, Garlic'),
('prsc_argla', 'The Prosciutto and Arugula Pizza', 'Supreme', 'Prosciutto di San Daniele, Arugula, Mozzarella Cheese'),
('sicilian', 'The Sicilian Pizza', 'Supreme', 'Coarse Sicilian Salami, Tomatoes, Green Olives, Luganega Sausage, Onions, Garlic'),
('soppressata', 'The Soppressata Pizza', 'Supreme', 'Soppressata Salami, Fontina Cheese, Mozzarella Cheese, Mushrooms, Garlic'),
('spicy_ital', 'The Spicy Italian Pizza', 'Supreme', 'Capocollo, Tomatoes, Goat Cheese, Artichokes, Peperoncini verdi, Garlic'),
('spinach_supr', 'The Spinach Supreme Pizza', 'Supreme', 'Spinach, Red Onions, Pepperoni, Tomatoes, Artichokes, Kalamata Olives, Garlic, Asiago Cheese'),
('five_cheese', 'The Five Cheese Pizza', 'Veggie', 'Mozzarella Cheese, Provolone Cheese, Smoked Gouda Cheese, Romano Cheese, Blue Cheese, Garlic'),
('four_cheese', 'The Four Cheese Pizza', 'Veggie', 'Ricotta Cheese, Gorgonzola Piccante Cheese, Mozzarella Cheese, Parmigiano Reggiano Cheese, Garlic'),
('green_garden', 'The Green Garden Pizza', 'Veggie', 'Spinach, Mushrooms, Tomatoes, Green Olives, Feta Cheese'),
('ital_veggie', 'The Italian Vegetables Pizza', 'Veggie', 'Eggplant, Artichokes, Tomatoes, Zucchini, Red Peppers, Garlic, Pesto Sauce'),
('mediterraneo', 'The Mediterranean Pizza', 'Veggie', 'Spinach, Artichokes, Kalamata Olives, Sun-dried Tomatoes, Feta Cheese, Plum Tomatoes, Red Onions'),
('mexicana', 'The Mexicana Pizza', 'Veggie', 'Tomatoes, Red Peppers, Jalapeno Peppers, Red Onions, Cilantro, Corn, Chipotle Sauce, Garlic'),
('spin_pesto', 'The Spinach Pesto Pizza', 'Veggie', 'Spinach, Artichokes, Tomatoes, Sun-dried Tomatoes, Garlic, Pesto Sauce'),
('spinach_fet', 'The Spinach and Feta Pizza', 'Veggie', 'Spinach, Mushrooms, Red Onions, Feta Cheese, Garlic'),
('veggie_veg', 'The Vegetables + Vegetables Pizza', 'Veggie', 'Mushrooms, Tomatoes, Red Peppers, Green Peppers, Red Onions, Zucchini, Spinach, Garlic');


-- insert values for pizzas table
INSERT INTO PIZZAS (PIZZA_ID, PIZZA_TYPE_ID, SIZE, PRICE)
VALUES
('bbq_ckn_s', 'bbq_ckn', 'S', 12.75),
('bbq_ckn_m', 'bbq_ckn', 'M', 16.75),
('bbq_ckn_l', 'bbq_ckn', 'L', 20.75),
('cali_ckn_s', 'cali_ckn', 'S', 12.75),
('cali_ckn_m', 'cali_ckn', 'M', 16.75),
('cali_ckn_l', 'cali_ckn', 'L', 20.75),
('ckn_alfredo_s', 'ckn_alfredo', 'S', 12.75),
('ckn_alfredo_m', 'ckn_alfredo', 'M', 16.75),
('ckn_alfredo_l', 'ckn_alfredo', 'L', 20.75),
('ckn_pesto_s', 'ckn_pesto', 'S', 12.75),
('ckn_pesto_m', 'ckn_pesto', 'M', 16.75),
('ckn_pesto_l', 'ckn_pesto', 'L', 20.75),
('southw_ckn_s', 'southw_ckn', 'S', 12.75),
('southw_ckn_m', 'southw_ckn', 'M', 16.75),
('southw_ckn_l', 'southw_ckn', 'L', 20.75),
('thai_ckn_s', 'thai_ckn', 'S', 12.75),
('thai_ckn_m', 'thai_ckn', 'M', 16.75),
('thai_ckn_l', 'thai_ckn', 'L', 20.75),
('big_meat_s', 'big_meat', 'S', 12),
('big_meat_m', 'big_meat', 'M', 16),
('big_meat_l', 'big_meat', 'L', 20.5),
('classic_dlx_s', 'classic_dlx', 'S', 12),
('classic_dlx_m', 'classic_dlx', 'M', 16),
('classic_dlx_l', 'classic_dlx', 'L', 20.5),
('hawaiian_s', 'hawaiian', 'S', 10.5),
('hawaiian_m', 'hawaiian', 'M', 13.25),
('hawaiian_l', 'hawaiian', 'L', 16.5),
('ital_cpcllo_s', 'ital_cpcllo', 'S', 12),
('ital_cpcllo_m', 'ital_cpcllo', 'M', 16),
('ital_cpcllo_l', 'ital_cpcllo', 'L', 20.5),
('napolitana_s', 'napolitana', 'S', 12),
('napolitana_m', 'napolitana', 'M', 16),
('napolitana_l', 'napolitana', 'L', 20.5),
('pep_msh_pep_s', 'pep_msh_pep', 'S', 11),
('pep_msh_pep_m', 'pep_msh_pep', 'M', 14.5),
('pep_msh_pep_l', 'pep_msh_pep', 'L', 17.5),
('pepperoni_s', 'pepperoni', 'S', 9.75),
('pepperoni_m', 'pepperoni', 'M', 12.5),
('pepperoni_l', 'pepperoni', 'L', 15.25),
('the_greek_s', 'the_greek', 'S', 12),
('the_greek_m', 'the_greek', 'M', 16),
('the_greek_l', 'the_greek', 'L', 20.5),
('the_greek_xl', 'the_greek', 'XL', 25.5),
('the_greek_xxl', 'the_greek', 'XXL', 35.95),
('brie_carre_s', 'brie_carre', 'S', 23.65),
('calabrese_s', 'calabrese', 'S', 12.25),
('calabrese_m', 'calabrese', 'M', 16.25),
('calabrese_l', 'calabrese', 'L', 20.25),
('ital_supr_s', 'ital_supr', 'S', 12.5),
('ital_supr_m', 'ital_supr', 'M', 16.5),
('ital_supr_l', 'ital_supr', 'L', 20.75),
('peppr_salami_s', 'peppr_salami', 'S', 12.5),
('peppr_salami_m', 'peppr_salami', 'M', 16.5),
('peppr_salami_l', 'peppr_salami', 'L', 20.75),
('prsc_argla_s', 'prsc_argla', 'S', 12.5),
('prsc_argla_m', 'prsc_argla', 'M', 16.5),
('prsc_argla_l', 'prsc_argla', 'L', 20.75),
('sicilian_s', 'sicilian', 'S', 12.25),
('sicilian_m', 'sicilian', 'M', 16.25),
('sicilian_l', 'sicilian', 'L', 20.25),
('soppressata_s', 'soppressata', 'S', 12.5),
('soppressata_m', 'soppressata', 'M', 16.5),
('soppressata_l', 'soppressata', 'L', 20.75),
('spicy_ital_s', 'spicy_ital', 'S', 12.5),
('spicy_ital_m', 'spicy_ital', 'M', 16.5),
('spicy_ital_l', 'spicy_ital', 'L', 20.75),
('spinach_supr_s', 'spinach_supr', 'S', 12.5),
('spinach_supr_m', 'spinach_supr', 'M', 16.5),
('spinach_supr_l', 'spinach_supr', 'L', 20.75),
('five_cheese_s', 'five_cheese', 'S', 12.5),
('five_cheese_m', 'five_cheese', 'M', 15.5),
('five_cheese_l', 'five_cheese', 'L', 18.5),
('four_cheese_s', 'four_cheese', 'S', 11.75),
('four_cheese_m', 'four_cheese', 'M', 14.75),
('four_cheese_l', 'four_cheese', 'L', 17.95),
('green_garden_s', 'green_garden', 'S', 12),
('green_garden_m', 'green_garden', 'M', 16),
('green_garden_l', 'green_garden', 'L', 20.25),
('ital_veggie_s', 'ital_veggie', 'S', 12.75),
('ital_veggie_m', 'ital_veggie', 'M', 16.75),
('ital_veggie_l', 'ital_veggie', 'L', 21),
('mediterraneo_s', 'mediterraneo', 'S', 12),
('mediterraneo_m', 'mediterraneo', 'M', 16),
('mediterraneo_l', 'mediterraneo', 'L', 20.25),
('mexicana_s', 'mexicana', 'S', 12),
('mexicana_m', 'mexicana', 'M', 16),
('mexicana_l', 'mexicana', 'L', 20.25),
('spin_pesto_s', 'spin_pesto', 'S', 12.5),
('spin_pesto_m', 'spin_pesto', 'M', 16.5),
('spin_pesto_l', 'spin_pesto', 'L', 20.75),
('spinach_fet_s', 'spinach_fet', 'S', 12),
('spinach_fet_m', 'spinach_fet', 'M', 16),
('spinach_fet_l', 'spinach_fet', 'L', 20.25),
('veggie_veg_s', 'veggie_veg', 'S', 12),
('veggie_veg_m', 'veggie_veg', 'M', 16),
('veggie_veg_l', 'veggie_veg', 'L', 20.25);

-- insert values for orders table
INSERT INTO ORDERS (ORDER_ID, ORDER_DATE, ORDER_TIME)
VALUES
(1, '2015-01-01', '11:38:36'),
(2, '2015-01-01', '11:57:40'),
(3, '2015-01-01', '12:12:28'),
(4, '2015-01-01', '12:16:31'),
(5, '2015-01-01', '12:21:30'),
(6, '2015-01-01', '12:29:36'),
(7, '2015-01-01', '12:50:37'),
(8, '2015-01-01', '12:51:37'),
(9, '2015-01-01', '12:52:01'),
(10, '2015-01-01', '13:00:15'),
(11, '2015-01-01', '13:02:59'),
(12, '2015-01-01', '13:04:41'),
(13, '2015-01-01', '13:11:55'),
(14, '2015-01-01', '13:14:19'),
(15, '2015-01-01', '13:33:00'),
(16, '2015-01-01', '13:34:07'),
(17, '2015-01-01', '13:53:00'),
(18, '2015-01-01', '13:57:08'),
(19, '2015-01-01', '13:59:09'),
(20, '2015-01-01', '14:03:08'),
(21, '2015-01-01', '14:14:29'),
(22, '2015-01-01', '14:16:26'),
(23, '2015-01-01', '14:19:03'),
(24, '2015-01-01', '14:23:01'),
(25, '2015-01-01', '14:44:44'),
(26, '2015-01-01', '14:54:26'),
(27, '2015-01-01', '15:11:17'),
(28, '2015-01-01', '15:35:46'),
(29, '2015-01-01', '15:41:01'),
(30, '2015-01-01', '15:41:25'),
(31, '2015-01-01', '15:50:18'),
(32, '2015-01-01', '15:53:18'),
(33, '2015-01-01', '15:54:08'),
(34, '2015-01-01', '16:21:21'),
(35, '2015-01-01', '16:32:04'),
(36, '2015-01-01', '16:54:09'),
(37, '2015-01-01', '16:56:09'),
(38, '2015-01-01', '17:03:00'),
(39, '2015-01-01', '17:07:23'),
(40, '2015-01-01', '17:14:36'),
(41, '2015-01-01', '17:15:20'),
(42, '2015-01-01', '17:28:09'),
(43, '2015-01-01', '17:38:34'),
(44, '2015-01-01', '17:54:20'),
(45, '2015-01-01', '17:55:48'),
(46, '2015-01-01', '18:25:51'),
(47, '2015-01-01', '18:26:34'),
(48, '2015-01-01', '18:26:42'),
(49, '2015-01-01', '18:33:00'),
(50, '2015-01-01', '18:41:01'),
(51, '2015-01-01', '18:48:28'),
(52, '2015-01-01', '18:53:02'),
(53, '2015-01-01', '18:54:17'),
(54, '2015-01-01', '19:01:45'),
(55, '2015-01-01', '19:03:19'),
(56, '2015-01-01', '19:07:00'),
(57, '2015-01-01', '19:10:51'),
(58, '2015-01-01', '19:30:40'),
(59, '2015-01-01', '19:40:08'),
(60, '2015-01-01', '20:05:16'),
(61, '2015-01-01', '20:08:43'),
(62, '2015-01-01', '20:50:16'),
(63, '2015-01-01', '20:51:42'),
(64, '2015-01-01', '20:52:08'),
(65, '2015-01-01', '21:16:00'),
(66, '2015-01-01', '21:47:55'),
(67, '2015-01-01', '22:03:40'),
(68, '2015-01-01', '22:07:32'),
(69, '2015-01-01', '22:12:13'),
(70, '2015-01-02', '11:38:51'),
(71, '2015-01-02', '11:40:50'),
(72, '2015-01-02', '11:57:25'),
(73, '2015-01-02', '11:58:56'),
(74, '2015-01-02', '12:01:12'),
(75, '2015-01-02', '12:10:15'),
(76, '2015-01-02', '12:21:17'),
(77, '2015-01-02', '12:22:46'),
(78, '2015-01-02', '12:28:14'),
(79, '2015-01-02', '12:29:11'),
(80, '2015-01-02', '12:35:38'),
(81, '2015-01-02', '12:40:01'),
(82, '2015-01-02', '12:45:51'),
(83, '2015-01-02', '12:53:27'),
(84, '2015-01-02', '13:13:41'),
(85, '2015-01-02', '13:34:49'),
(86, '2015-01-02', '13:40:31'),
(87, '2015-01-03', '14:01:02'),
(88, '2015-01-04', '14:10:08'),
(89, '2015-01-05', '14:30:19'),
(90, '2015-01-06', '15:08:48'),
(91, '2015-01-07', '15:14:43'),
(92, '2015-01-08', '15:17:02'),
(93, '2015-01-09', '15:29:31'),
(94, '2015-01-10', '16:17:16'),
(95, '2015-01-11', '16:18:04'),
(96, '2015-01-12', '16:21:20'),
(97, '2015-01-13', '16:45:33'),
(98, '2015-01-14', '17:18:18'),
(99, '2015-01-15', '17:45:42'),
(100, '2015-01-16', '17:46:17'),
(101, '2015-01-17', '17:51:33'),
(102, '2015-01-18', '17:54:04'),
(103, '2015-01-19', '18:02:09'),
(104, '2015-01-20', '18:02:12'),
(105, '2015-01-02', '18:12:01'),
(106, '2015-01-02', '18:12:13'),
(107, '2015-01-02', '18:25:09'),
(108, '2015-01-02', '18:25:25'),
(109, '2015-01-02', '18:27:50'),
(110, '2015-01-02', '18:36:19'),
(111, '2015-01-02', '18:38:01'),
(112, '2015-01-02', '18:41:40'),
(113, '2015-01-02', '18:50:21'),
(114, '2015-01-02', '18:59:32'),
(115, '2015-01-02', '19:05:17'),
(116, '2015-01-02', '19:18:49'),
(117, '2015-01-02', '19:23:02'),
(118, '2015-01-02', '19:26:59'),
(119, '2015-01-02', '19:32:29'),
(120, '2015-01-02', '19:35:07'),
(121, '2015-01-02', '19:38:48'),
(122, '2015-01-02', '19:50:19'),
(123, '2015-01-02', '20:12:09'),
(124, '2015-01-02', '20:12:34'),
(125, '2015-01-02', '20:31:06'),
(126, '2015-01-02', '20:53:42'),
(127, '2015-01-02', '20:58:23'),
(128, '2015-01-02', '21:05:06'),
(129, '2015-01-02', '21:13:02'),
(130, '2015-01-02', '21:14:55'),
(131, '2015-01-02', '21:33:10'),
(132, '2015-01-02', '21:42:45'),
(133, '2015-01-02', '22:00:17'),
(134, '2015-01-02', '22:13:24'),
(135, '2015-01-02', '22:29:34'),
(136, '2015-01-02', '22:32:49'),
(137, '2015-01-03', '11:34:10'),
(138, '2015-01-03', '11:44:50'),
(139, '2015-01-03', '11:57:39'),
(140, '2015-01-03', '12:26:44'),
(141, '2015-01-03', '13:16:01'),
(142, '2015-01-03', '13:33:59'),
(143, '2015-01-03', '13:41:36'),
(144, '2015-01-03', '13:44:28'),
(145, '2015-01-03', '13:53:48'),
(146, '2015-01-03', '14:22:10'),
(147, '2015-01-03', '14:32:51'),
(148, '2015-01-03', '14:40:42'),
(149, '2015-01-03', '14:48:45'),
(150, '2015-01-03', '14:49:58'),
(151, '2015-01-03', '15:09:34'),
(152, '2015-01-03', '15:09:42'),
(153, '2015-01-03', '15:16:34'),
(154, '2015-01-03', '15:22:43'),
(155, '2015-01-03', '15:28:59'),
(156, '2015-01-03', '15:42:19'),
(157, '2015-01-03', '15:43:03'),
(158, '2015-01-03', '15:54:30'),
(159, '2015-01-03', '15:59:22'),
(160, '2015-01-03', '16:35:33'),
(161, '2015-01-03', '16:43:46'),
(162, '2015-01-03', '16:51:22'),
(163, '2015-01-03', '16:54:54'),
(164, '2015-01-03', '16:56:33'),
(165, '2015-01-03', '16:57:37'),
(166, '2015-01-03', '16:58:51'),
(167, '2015-01-03', '17:00:49'),
(168, '2015-01-03', '17:02:27'),
(169, '2015-01-03', '17:15:48'),
(170, '2015-01-03', '17:21:31'),
(171, '2015-01-03', '17:23:03'),
(172, '2015-01-03', '17:29:24'),
(173, '2015-01-03', '17:35:30'),
(174, '2015-01-03', '17:37:49'),
(175, '2015-01-03', '17:50:51'),
(176, '2015-01-03', '17:51:57'),
(177, '2015-01-03', '17:54:36'),
(178, '2015-01-03', '18:15:03'),
(179, '2015-01-03', '18:20:14'),
(180, '2015-01-03', '18:33:34'),
(181, '2015-01-03', '18:49:32'),
(182, '2015-01-03', '18:50:10'),
(183, '2015-01-03', '18:54:55'),
(184, '2015-01-03', '18:59:05'),
(185, '2015-01-03', '19:08:33'),
(186, '2015-01-03', '19:36:00'),
(187, '2015-01-03', '19:37:12'),
(188, '2015-01-03', '20:08:39'),
(189, '2015-01-03', '20:12:14'),
(190, '2015-01-03', '20:14:23'),
(191, '2015-01-03', '20:24:50'),
(192, '2015-01-03', '20:30:08'),
(193, '2015-01-03', '20:55:47'),
(194, '2015-01-03', '21:21:24'),
(195, '2015-01-03', '21:25:20'),
(196, '2015-01-03', '21:40:14'),
(197, '2015-01-03', '21:47:48'),
(198, '2015-01-03', '21:55:42'),
(199, '2015-01-03', '22:10:38'),
(200, '2015-01-03', '22:24:05'),
(201, '2015-01-03', '22:29:59'),
(202, '2015-01-03', '22:50:29'),
(203, '2015-01-04', '11:30:48'),
(204, '2015-01-04', '11:36:25'),
(205, '2015-01-04', '11:43:54'),
(206, '2015-01-04', '11:45:10'),
(207, '2015-01-04', '12:03:58'),
(208, '2015-01-04', '12:12:05'),
(209, '2015-01-04', '12:29:17'),
(210, '2015-01-04', '12:34:13'),
(211, '2015-01-04', '12:54:20'),
(212, '2015-01-04', '13:16:03'),
(213, '2015-01-04', '13:20:39'),
(214, '2015-01-04', '13:39:16'),
(215, '2015-01-04', '13:44:49'),
(216, '2015-01-04', '14:31:56'),
(217, '2015-01-04', '14:35:03'),
(218, '2015-01-04', '14:35:11'),
(219, '2015-01-04', '14:42:01'),
(220, '2015-01-04', '15:31:59'),
(221, '2015-01-04', '15:33:18'),
(222, '2015-01-04', '15:46:38'),
(223, '2015-01-04', '16:08:20'),
(224, '2015-01-04', '16:39:58'),
(225, '2015-01-04', '16:41:48'),
(226, '2015-01-04', '16:59:39'),
(227, '2015-01-04', '17:24:39'),
(228, '2015-01-04', '17:31:24'),
(229, '2015-01-04', '17:37:57'),
(230, '2015-01-04', '17:58:38'),
(231, '2015-01-04', '18:04:18'),
(232, '2015-01-04', '18:21:59'),
(233, '2015-01-04', '18:26:51'),
(234, '2015-01-04', '18:36:09'),
(235, '2015-01-04', '18:51:30'),
(236, '2015-01-04', '19:21:04'),
(237, '2015-01-04', '19:27:48'),
(238, '2015-01-04', '19:45:15'),
(239, '2015-01-04', '19:57:52'),
(240, '2015-01-04', '20:10:24'),
(241, '2015-01-04', '20:11:25'),
(242, '2015-01-04', '20:15:29'),
(243, '2015-01-04', '20:26:17'),
(244, '2015-01-04', '20:26:22'),
(245, '2015-01-04', '20:28:41'),
(246, '2015-01-04', '20:30:48'),
(247, '2015-01-04', '20:55:29'),
(248, '2015-01-04', '20:58:19'),
(249, '2015-01-04', '21:06:16'),
(250, '2015-01-04', '21:07:05'),
(251, '2015-01-04', '21:10:05'),
(252, '2015-01-04', '22:13:15'),
(253, '2015-01-04', '22:16:18'),
(254, '2015-01-04', '22:22:13'),
(255, '2015-01-05', '11:23:35'),
(256, '2015-01-05', '11:56:06'),
(257, '2015-01-05', '11:59:04'),
(258, '2015-01-05', '11:59:23'),
(259, '2015-01-05', '12:04:25'),
(260, '2015-01-05', '12:06:27'),
(261, '2015-01-05', '12:38:29'),
(262, '2015-01-05', '12:42:01'),
(263, '2015-01-05', '12:57:22'),
(264, '2015-01-05', '13:03:59'),
(265, '2015-01-05', '13:04:42'),
(266, '2015-01-05', '13:09:29'),
(267, '2015-01-05', '13:37:50'),
(268, '2015-01-05', '13:40:46'),
(269, '2015-01-05', '13:49:34'),
(270, '2015-01-05', '14:09:02'),
(271, '2015-01-05', '14:22:19'),
(272, '2015-01-05', '14:24:05'),
(273, '2015-01-05', '14:28:00'),
(274, '2015-01-05', '14:36:33'),
(275, '2015-01-05', '14:38:14'),
(276, '2015-01-05', '15:18:18'),
(277, '2015-01-05', '15:41:50'),
(278, '2015-01-05', '15:49:21'),
(279, '2015-01-05', '16:07:03'),
(280, '2015-01-05', '16:20:23'),
(281, '2015-01-05', '16:33:48'),
(282, '2015-01-05', '16:49:38'),
(283, '2015-01-05', '16:51:43'),
(284, '2015-01-05', '16:58:16'),
(285, '2015-01-05', '16:58:38'),
(286, '2015-01-05', '17:01:23'),
(287, '2015-01-05', '17:30:09'),
(288, '2015-01-05', '17:32:44'),
(289, '2015-01-05', '17:36:23'),
(290, '2015-01-05', '17:41:16'),
(291, '2015-01-05', '17:44:39'),
(292, '2015-01-05', '17:48:59'),
(293, '2015-01-05', '17:58:38'),
(294, '2015-01-05', '18:16:35'),
(295, '2015-01-05', '18:20:12'),
(296, '2015-01-05', '18:46:54'),
(297, '2015-01-05', '19:02:18'),
(298, '2015-01-05', '19:10:36'),
(299, '2015-01-05', '19:34:31'),
(300, '2015-01-05', '19:42:54'),
(301, '2015-01-05', '19:45:58'),
(302, '2015-01-05', '19:57:37'),
(303, '2015-01-05', '20:02:51'),
(304, '2015-01-05', '20:07:58'),
(305, '2015-01-05', '20:35:40'),
(306, '2015-01-05', '20:37:40'),
(307, '2015-01-05', '21:45:38'),
(308, '2015-01-05', '21:59:46'),
(309, '2015-01-06', '11:39:06'),
(310, '2015-01-06', '11:40:48'),
(311, '2015-01-06', '11:57:27'),
(312, '2015-01-06', '12:05:21'),
(313, '2015-01-06', '12:09:09'),
(314, '2015-01-06', '12:11:58'),
(315, '2015-01-06', '12:17:40'),
(316, '2015-01-06', '12:29:34'),
(317, '2015-01-06', '12:31:00'),
(318, '2015-01-06', '12:45:14'),
(319, '2015-01-06', '12:46:22'),
(320, '2015-01-06', '12:46:40'),
(321, '2015-01-06', '12:56:21'),
(322, '2015-01-06', '13:02:13'),
(323, '2015-01-06', '13:05:33'),
(324, '2015-01-06', '13:06:44'),
(325, '2015-01-06', '13:07:32'),
(326, '2015-01-06', '13:10:13'),
(327, '2015-01-06', '13:10:54'),
(328, '2015-01-06', '13:16:35'),
(329, '2015-01-06', '13:22:44'),
(330, '2015-01-06', '13:27:11'),
(331, '2015-01-06', '13:43:30'),
(332, '2015-01-06', '14:12:01'),
(333, '2015-01-06', '14:16:36'),
(334, '2015-01-06', '14:24:18'),
(335, '2015-01-06', '14:24:47'),
(336, '2015-01-06', '14:51:41'),
(337, '2015-01-06', '15:03:12'),
(338, '2015-01-06', '15:18:26'),
(339, '2015-01-06', '15:25:13'),
(340, '2015-01-06', '15:35:32'),
(341, '2015-01-06', '15:35:47'),
(342, '2015-01-06', '15:44:12'),
(343, '2015-01-06', '15:45:37'),
(344, '2015-01-06', '16:01:11'),
(345, '2015-01-06', '16:01:47'),
(346, '2015-01-06', '16:30:00'),
(347, '2015-01-06', '16:37:17'),
(348, '2015-01-06', '16:49:12'),
(349, '2015-01-06', '17:25:58'),
(350, '2015-01-06', '17:37:05'),
(351, '2015-01-06', '17:37:29'),
(353, '2015-01-06', '17:59:48'),
 (354, '2015-01-06', '18:01:44'),
 (355, '2015-01-06', '18:14:45');
INSERT INTO ORDERS (ORDER_ID, ORDER_DATE, ORDER_TIME) VALUES (356, '2015-01-06', '18:16:05');
INSERT INTO ORDERS (ORDER_ID, ORDER_DATE, ORDER_TIME) VALUES (357, '2015-01-06', '18:27:58');
INSERT INTO ORDERS (ORDER_ID, ORDER_DATE, ORDER_TIME) VALUES (358, '2015-01-06', '18:30:12');
INSERT INTO ORDERS (ORDER_ID, ORDER_DATE, ORDER_TIME) VALUES (359, '2015-01-06', '18:33:08');
INSERT INTO ORDERS (ORDER_ID, ORDER_DATE, ORDER_TIME) VALUES (360, '2015-01-06', '18:50:38');
INSERT INTO ORDERS (ORDER_ID, ORDER_DATE, ORDER_TIME) VALUES (361, '2015-01-06', '19:12:38');
INSERT INTO ORDERS (ORDER_ID, ORDER_DATE, ORDER_TIME) VALUES (362, '2015-01-06', '19:13:36');
INSERT INTO ORDERS (ORDER_ID, ORDER_DATE, ORDER_TIME) VALUES (363, '2015-01-06', '19:20:31');
INSERT INTO ORDERS (ORDER_ID, ORDER_DATE, ORDER_TIME) VALUES (364, '2015-01-06', '19:27:24');
INSERT INTO ORDERS (ORDER_ID, ORDER_DATE, ORDER_TIME) VALUES (365, '2015-01-06', '19:37:26');
INSERT INTO ORDERS (ORDER_ID, ORDER_DATE, ORDER_TIME) VALUES (366, '2015-01-06', '20:04:20');
INSERT INTO ORDERS (ORDER_ID, ORDER_DATE, ORDER_TIME) VALUES (367, '2015-01-06', '20:05:12');
INSERT INTO ORDERS (ORDER_ID, ORDER_DATE, ORDER_TIME) VALUES (368, '2015-01-06', '20:28:16');
INSERT INTO ORDERS (ORDER_ID, ORDER_DATE, ORDER_TIME) VALUES (369, '2015-01-06', '20:30:06');
INSERT INTO ORDERS (ORDER_ID, ORDER_DATE, ORDER_TIME) VALUES (370, '2015-01-06', '21:02:30');
INSERT INTO ORDERS (ORDER_ID, ORDER_DATE, ORDER_TIME) VALUES (371, '2015-01-06', '21:15:20');
INSERT INTO ORDERS (ORDER_ID, ORDER_DATE, ORDER_TIME) VALUES (372, '2015-01-06', '22:26:59');
INSERT INTO ORDERS (ORDER_ID, ORDER_DATE, ORDER_TIME) VALUES (373, '2015-01-07', '11:45:18');
INSERT INTO ORDERS (ORDER_ID, ORDER_DATE, ORDER_TIME) VALUES (374, '2015-01-07', '11:55:59');
INSERT INTO ORDERS (ORDER_ID, ORDER_DATE, ORDER_TIME) VALUES (375, '2015-01-07', '11:58:36');
INSERT INTO ORDERS (ORDER_ID, ORDER_DATE, ORDER_TIME) VALUES (376, '2015-01-07', '12:01:17');
INSERT INTO ORDERS (ORDER_ID, ORDER_DATE, ORDER_TIME) VALUES (377, '2015-01-07', '12:03:18');
INSERT INTO ORDERS (ORDER_ID, ORDER_DATE, ORDER_TIME) VALUES (378, '2015-01-07', '12:19:37');
INSERT INTO ORDERS (ORDER_ID, ORDER_DATE, ORDER_TIME) VALUES (379, '2015-01-07', '12:25:37');
INSERT INTO ORDERS (ORDER_ID, ORDER_DATE, ORDER_TIME) VALUES (380, '2015-01-07', '12:32:10');
INSERT INTO ORDERS (ORDER_ID, ORDER_DATE, ORDER_TIME) VALUES (381, '2015-01-07', '12:33:06');
INSERT INTO ORDERS (ORDER_ID, ORDER_DATE, ORDER_TIME) VALUES (382, '2015-01-07', '12:33:07');
INSERT INTO ORDERS (ORDER_ID, ORDER_DATE, ORDER_TIME) VALUES (383, '2015-01-07', '12:43:59');
INSERT INTO ORDERS (ORDER_ID, ORDER_DATE, ORDER_TIME) VALUES (384, '2015-01-07', '12:51:46');
INSERT INTO ORDERS (ORDER_ID, ORDER_DATE, ORDER_TIME) VALUES (385, '2015-01-07', '12:54:19');
INSERT INTO ORDERS (ORDER_ID, ORDER_DATE, ORDER_TIME) VALUES (386, '2015-01-07', '12:58:16');
INSERT INTO ORDERS (ORDER_ID, ORDER_DATE, ORDER_TIME) VALUES (387, '2015-01-07', '13:03:14');
INSERT INTO ORDERS (ORDER_ID, ORDER_DATE, ORDER_TIME) VALUES (388, '2015-01-07', '13:04:56');
INSERT INTO ORDERS (ORDER_ID, ORDER_DATE, ORDER_TIME) VALUES (389, '2015-01-07', '13:10:17');
INSERT INTO ORDERS (ORDER_ID, ORDER_DATE, ORDER_TIME) VALUES (390, '2015-01-07', '13:15:32');
INSERT INTO ORDERS (ORDER_ID, ORDER_DATE, ORDER_TIME) VALUES (391, '2015-01-07', '13:25:31');
INSERT INTO ORDERS (ORDER_ID, ORDER_DATE, ORDER_TIME) VALUES (392, '2015-01-07', '13:36:47');
INSERT INTO ORDERS (ORDER_ID, ORDER_DATE, ORDER_TIME) VALUES (393, '2015-01-07', '13:48:31');
INSERT INTO ORDERS (ORDER_ID, ORDER_DATE, ORDER_TIME) VALUES (394, '2015-01-07', '14:02:18');
INSERT INTO ORDERS (ORDER_ID, ORDER_DATE, ORDER_TIME) VALUES (395, '2015-01-07', '14:11:08');
INSERT INTO ORDERS (ORDER_ID, ORDER_DATE, ORDER_TIME) VALUES (396, '2015-01-07', '14:12:21');
INSERT INTO ORDERS (ORDER_ID, ORDER_DATE, ORDER_TIME) VALUES (397, '2015-01-07', '14:31:10');
INSERT INTO ORDERS (ORDER_ID, ORDER_DATE, ORDER_TIME) VALUES (398, '2015-01-07', '14:56:26');
INSERT INTO ORDERS (ORDER_ID, ORDER_DATE, ORDER_TIME) VALUES (399, '2015-01-07', '15:47:49');
INSERT INTO ORDERS (ORDER_ID, ORDER_DATE, ORDER_TIME) VALUES (400, '2015-01-07', '16:03:07');

INSERT INTO ORDERS (ORDER_ID, ORDER_DATE, ORDER_TIME)
VALUES
(401, '2015-07-01', '16:08:35'),
(402, '2015-07-01', '16:24:46'),
(403, '2015-07-01', '16:26:10'),
(404, '2015-07-01', '16:39:27'),
(405, '2015-07-01', '16:44:16'),
(406, '2015-07-01', '16:50:49'),
(407, '2015-07-01', '16:56:42'),
(408, '2015-07-01', '17:09:09'),
(409, '2015-07-01', '17:15:04'),
(410, '2015-07-01', '17:33:49'),
(411, '2015-07-01', '17:58:09'),
(412, '2015-07-01', '18:07:46'),
(413, '2015-07-01', '18:11:32'),
(414, '2015-07-01', '18:13:22'),
(415, '2015-07-01', '18:16:23'),
(416, '2015-07-01', '18:17:42'),
(417, '2015-07-01', '18:24:40'),
(418, '2015-07-01', '18:40:11'),
(419, '2015-07-01', '19:02:31'),
(420, '2015-07-01', '19:04:40'),
(421, '2015-07-01', '19:21:58'),
(422, '2015-07-01', '19:30:25'),
(423, '2015-07-01', '19:45:07'),
(424, '2015-07-01', '20:01:28'),
(425, '2015-07-01', '20:21:19'),
(426, '2015-07-01', '20:25:45'),
(427, '2015-07-01', '21:49:00'),
(428, '2015-07-01', '22:05:00'),
(429, '2015-07-01', '22:16:53'),
(430, '2015-07-01', '22:46:13'),
(431, '2015-08-01', '11:17:13'),
(432, '2015-08-01', '11:39:07'),
(433, '2015-08-01', '11:49:50'),
(434, '2015-08-01', '11:54:14'),
(435, '2015-08-01', '12:06:09'),
(436, '2015-08-01', '12:07:21'),
(437, '2015-08-01', '12:07:54'),
(438, '2015-08-01', '12:08:38'),
(439, '2015-08-01', '12:13:08'),
(440, '2015-08-01', '12:16:34'),
(441, '2015-08-01', '12:16:58'),
(442, '2015-08-01', '12:28:49'),
(443, '2015-08-01', '12:34:20'),
(444, '2015-08-01', '12:40:05'),
(445, '2015-08-01', '12:57:39'),
(446, '2015-08-01', '12:58:01'),
(447, '2015-08-01', '13:02:00'),
(448, '2015-08-01', '13:03:34'),
(449, '2015-08-01', '13:04:15'),
(450, '2015-08-01', '13:07:53');

INSERT INTO ORDERS (ORDER_ID, ORDER_DATE, ORDER_TIME) VALUES (451, '2015-01-08', '13:19:06');
INSERT INTO ORDERS (ORDER_ID, ORDER_DATE, ORDER_TIME) VALUES (452, '2015-01-08', '13:24:11');
INSERT INTO ORDERS (ORDER_ID, ORDER_DATE, ORDER_TIME) VALUES (453, '2015-01-08', '13:27:14');
INSERT INTO ORDERS (ORDER_ID, ORDER_DATE, ORDER_TIME) VALUES (454, '2015-01-08', '13:31:40');
INSERT INTO ORDERS (ORDER_ID, ORDER_DATE, ORDER_TIME) VALUES (455, '2015-01-08', '13:39:14');
INSERT INTO ORDERS (ORDER_ID, ORDER_DATE, ORDER_TIME) VALUES (456, '2015-01-08', '13:47:53');
INSERT INTO ORDERS (ORDER_ID, ORDER_DATE, ORDER_TIME) VALUES (457, '2015-01-08', '13:59:04');
INSERT INTO ORDERS (ORDER_ID, ORDER_DATE, ORDER_TIME) VALUES (458, '2015-01-08', '14:00:05');
INSERT INTO ORDERS (ORDER_ID, ORDER_DATE, ORDER_TIME) VALUES (459, '2015-01-08', '14:14:02');
INSERT INTO ORDERS (ORDER_ID, ORDER_DATE, ORDER_TIME) VALUES (460, '2015-01-08', '14:19:58');
INSERT INTO ORDERS (ORDER_ID, ORDER_DATE, ORDER_TIME) VALUES (461, '2015-01-08', '14:21:19');
INSERT INTO ORDERS (ORDER_ID, ORDER_DATE, ORDER_TIME) VALUES (462, '2015-01-08', '14:38:41');
INSERT INTO ORDERS (ORDER_ID, ORDER_DATE, ORDER_TIME) VALUES (463, '2015-01-08', '14:40:28');
INSERT INTO ORDERS (ORDER_ID, ORDER_DATE, ORDER_TIME) VALUES (464, '2015-01-08', '14:49:01');
INSERT INTO ORDERS (ORDER_ID, ORDER_DATE, ORDER_TIME) VALUES (465, '2015-01-08', '14:55:23');
INSERT INTO ORDERS (ORDER_ID, ORDER_DATE, ORDER_TIME) VALUES (466, '2015-01-08', '15:30:10');
INSERT INTO ORDERS (ORDER_ID, ORDER_DATE, ORDER_TIME) VALUES (467, '2015-01-08', '15:33:13');
INSERT INTO ORDERS (ORDER_ID, ORDER_DATE, ORDER_TIME) VALUES (468, '2015-01-08', '15:36:12');
INSERT INTO ORDERS (ORDER_ID, ORDER_DATE, ORDER_TIME) VALUES (469, '2015-01-08', '15:37:18');
INSERT INTO ORDERS (ORDER_ID, ORDER_DATE, ORDER_TIME) VALUES (470, '2015-01-08', '15:49:13');
INSERT INTO ORDERS (ORDER_ID, ORDER_DATE, ORDER_TIME) VALUES (471, '2015-01-08', '16:20:26');
INSERT INTO ORDERS (ORDER_ID, ORDER_DATE, ORDER_TIME) VALUES (472, '2015-01-08', '16:29:50');
INSERT INTO ORDERS (ORDER_ID, ORDER_DATE, ORDER_TIME) VALUES (473, '2015-01-08', '16:41:27');
INSERT INTO ORDERS (ORDER_ID, ORDER_DATE, ORDER_TIME) VALUES (474, '2015-01-08', '16:47:48');
INSERT INTO ORDERS (ORDER_ID, ORDER_DATE, ORDER_TIME) VALUES (475, '2015-01-08', '17:15:17');
INSERT INTO ORDERS (ORDER_ID, ORDER_DATE, ORDER_TIME) VALUES (476, '2015-01-08', '17:27:56');
INSERT INTO ORDERS (ORDER_ID, ORDER_DATE, ORDER_TIME) VALUES (477, '2015-01-08', '17:30:04');
INSERT INTO ORDERS (ORDER_ID, ORDER_DATE, ORDER_TIME) VALUES (478, '2015-01-08', '17:35:56');
INSERT INTO ORDERS (ORDER_ID, ORDER_DATE, ORDER_TIME) VALUES (479, '2015-01-08', '17:37:03');
INSERT INTO ORDERS (ORDER_ID, ORDER_DATE, ORDER_TIME) VALUES (480, '2015-01-08', '17:41:31');
INSERT INTO ORDERS (ORDER_ID, ORDER_DATE, ORDER_TIME) VALUES (481, '2015-01-08', '17:41:37');
INSERT INTO ORDERS (ORDER_ID, ORDER_DATE, ORDER_TIME) VALUES (482, '2015-01-08', '17:52:42');
INSERT INTO ORDERS (ORDER_ID, ORDER_DATE, ORDER_TIME) VALUES (483, '2015-01-08', '17:54:05');
INSERT INTO ORDERS (ORDER_ID, ORDER_DATE, ORDER_TIME) VALUES (484, '2015-01-08', '18:02:54');
INSERT INTO ORDERS (ORDER_ID, ORDER_DATE, ORDER_TIME) VALUES (485, '2015-01-08', '18:07:31');
INSERT INTO ORDERS (ORDER_ID, ORDER_DATE, ORDER_TIME) VALUES (486, '2015-01-08', '18:15:08');
INSERT INTO ORDERS (ORDER_ID, ORDER_DATE, ORDER_TIME) VALUES (487, '2015-01-08', '18:30:16');
INSERT INTO ORDERS (ORDER_ID, ORDER_DATE, ORDER_TIME) VALUES (488, '2015-01-08', '18:46:02');
INSERT INTO ORDERS (ORDER_ID, ORDER_DATE, ORDER_TIME) VALUES (489, '2015-01-08', '18:48:43');
INSERT INTO ORDERS (ORDER_ID, ORDER_DATE, ORDER_TIME) VALUES (490, '2015-01-08', '18:49:24');
INSERT INTO ORDERS (ORDER_ID, ORDER_DATE, ORDER_TIME) VALUES (491, '2015-01-08', '19:01:12');
INSERT INTO ORDERS (ORDER_ID, ORDER_DATE, ORDER_TIME) VALUES (492, '2015-01-08', '19:06:21');
INSERT INTO ORDERS (ORDER_ID, ORDER_DATE, ORDER_TIME) VALUES (493, '2015-01-08', '19:31:47');
INSERT INTO ORDERS (ORDER_ID, ORDER_DATE, ORDER_TIME) VALUES (494, '2015-01-08', '19:38:40');
INSERT INTO ORDERS (ORDER_ID, ORDER_DATE, ORDER_TIME) VALUES (495, '2015-01-08', '19:42:52');

INSERT INTO ORDERS (ORDER_ID, ORDER_DATE, ORDER_TIME) VALUES (496, '2015-01-08', '19:46:18');
INSERT INTO ORDERS (ORDER_ID, ORDER_DATE, ORDER_TIME) VALUES (497, '2015-01-08', '19:49:26');
INSERT INTO ORDERS (ORDER_ID, ORDER_DATE, ORDER_TIME) VALUES (498, '2015-01-08', '20:02:25');
INSERT INTO ORDERS (ORDER_ID, ORDER_DATE, ORDER_TIME) VALUES (499, '2015-01-08', '21:10:46');
INSERT INTO ORDERS (ORDER_ID, ORDER_DATE, ORDER_TIME) VALUES (500, '2015-01-08', '21:46:49');


INSERT INTO ORDERS (ORDER_ID, ORDER_DATE, ORDER_TIME) VALUES (501, '2015-01-08', '21:51:31');
INSERT INTO ORDERS (ORDER_ID, ORDER_DATE, ORDER_TIME) VALUES (502, '2015-01-08', '22:26:08');
INSERT INTO ORDERS (ORDER_ID, ORDER_DATE, ORDER_TIME) VALUES (503, '2015-01-09', '11:16:21');
INSERT INTO ORDERS (ORDER_ID, ORDER_DATE, ORDER_TIME) VALUES (504, '2015-01-09', '11:48:18');
INSERT INTO ORDERS (ORDER_ID, ORDER_DATE, ORDER_TIME) VALUES (505, '2015-01-09', '11:55:10');
INSERT INTO ORDERS (ORDER_ID, ORDER_DATE, ORDER_TIME) VALUES (506, '2015-01-09', '12:02:09');
INSERT INTO ORDERS (ORDER_ID, ORDER_DATE, ORDER_TIME) VALUES (507, '2015-01-09', '12:06:03');
INSERT INTO ORDERS (ORDER_ID, ORDER_DATE, ORDER_TIME) VALUES (508, '2015-01-09', '12:13:32');
INSERT INTO ORDERS (ORDER_ID, ORDER_DATE, ORDER_TIME) VALUES (509, '2015-01-09', '12:13:58');
INSERT INTO ORDERS (ORDER_ID, ORDER_DATE, ORDER_TIME) VALUES (510, '2015-01-09', '12:15:03');
INSERT INTO ORDERS (ORDER_ID, ORDER_DATE, ORDER_TIME) VALUES (511, '2015-01-09', '12:18:21');
INSERT INTO ORDERS (ORDER_ID, ORDER_DATE, ORDER_TIME) VALUES (512, '2015-01-09', '12:19:24');
INSERT INTO ORDERS (ORDER_ID, ORDER_DATE, ORDER_TIME) VALUES (513, '2015-01-09', '12:22:48');
INSERT INTO ORDERS (ORDER_ID, ORDER_DATE, ORDER_TIME) VALUES (514, '2015-01-09', '12:26:47');
INSERT INTO ORDERS (ORDER_ID, ORDER_DATE, ORDER_TIME) VALUES (515, '2015-01-09', '13:07:37');
INSERT INTO ORDERS (ORDER_ID, ORDER_DATE, ORDER_TIME) VALUES (516, '2015-01-09', '13:09:09');
INSERT INTO ORDERS (ORDER_ID, ORDER_DATE, ORDER_TIME) VALUES (517, '2015-01-09', '13:09:11');
INSERT INTO ORDERS (ORDER_ID, ORDER_DATE, ORDER_TIME) VALUES (518, '2015-01-09', '13:11:25');
INSERT INTO ORDERS (ORDER_ID, ORDER_DATE, ORDER_TIME) VALUES (519, '2015-01-09', '13:15:20');
INSERT INTO ORDERS (ORDER_ID, ORDER_DATE, ORDER_TIME) VALUES (520, '2015-01-09', '13:22:33');
INSERT INTO ORDERS (ORDER_ID, ORDER_DATE, ORDER_TIME) VALUES (521, '2015-01-09', '13:43:07');
INSERT INTO ORDERS (ORDER_ID, ORDER_DATE, ORDER_TIME) VALUES (522, '2015-01-09', '14:09:33');
INSERT INTO ORDERS (ORDER_ID, ORDER_DATE, ORDER_TIME) VALUES (523, '2015-01-09', '14:42:14');
INSERT INTO ORDERS (ORDER_ID, ORDER_DATE, ORDER_TIME) VALUES (524, '2015-01-09', '14:51:35');
INSERT INTO ORDERS (ORDER_ID, ORDER_DATE, ORDER_TIME) VALUES (525, '2015-01-09', '15:08:46');
INSERT INTO ORDERS (ORDER_ID, ORDER_DATE, ORDER_TIME) VALUES (526, '2015-01-09', '15:10:13');
INSERT INTO ORDERS (ORDER_ID, ORDER_DATE, ORDER_TIME) VALUES (527, '2015-01-09', '15:23:37');
INSERT INTO ORDERS (ORDER_ID, ORDER_DATE, ORDER_TIME) VALUES (528, '2015-01-09', '15:27:21');
INSERT INTO ORDERS (ORDER_ID, ORDER_DATE, ORDER_TIME) VALUES (529, '2015-01-09', '15:31:01');
INSERT INTO ORDERS (ORDER_ID, ORDER_DATE, ORDER_TIME) VALUES (530, '2015-01-09', '15:43:01');
INSERT INTO ORDERS (ORDER_ID, ORDER_DATE, ORDER_TIME) VALUES (531, '2015-01-09', '15:58:10');
INSERT INTO ORDERS (ORDER_ID, ORDER_DATE, ORDER_TIME) VALUES (532, '2015-01-09', '16:14:28');
INSERT INTO ORDERS (ORDER_ID, ORDER_DATE, ORDER_TIME) VALUES (533, '2015-01-09', '16:28:43');
INSERT INTO ORDERS (ORDER_ID, ORDER_DATE, ORDER_TIME) VALUES (534, '2015-01-09', '16:43:32');
INSERT INTO ORDERS (ORDER_ID, ORDER_DATE, ORDER_TIME) VALUES (535, '2015-01-09', '17:08:47');
INSERT INTO ORDERS (ORDER_ID, ORDER_DATE, ORDER_TIME) VALUES (536, '2015-01-09', '17:18:50');
INSERT INTO ORDERS (ORDER_ID, ORDER_DATE, ORDER_TIME) VALUES (537, '2015-01-09', '17:23:52');
INSERT INTO ORDERS (ORDER_ID, ORDER_DATE, ORDER_TIME) VALUES (538, '2015-01-09', '17:44:04');
INSERT INTO ORDERS (ORDER_ID, ORDER_DATE, ORDER_TIME) VALUES (539, '2015-01-09', '17:51:34');
INSERT INTO ORDERS (ORDER_ID, ORDER_DATE, ORDER_TIME) VALUES (540, '2015-01-09', '17:52:41');
INSERT INTO ORDERS (ORDER_ID, ORDER_DATE, ORDER_TIME) VALUES (541, '2015-01-09', '18:07:47');
INSERT INTO ORDERS (ORDER_ID, ORDER_DATE, ORDER_TIME) VALUES (542, '2015-01-09', '18:08:06');
INSERT INTO ORDERS (ORDER_ID, ORDER_DATE, ORDER_TIME) VALUES (543, '2015-01-09', '18:23:59');
INSERT INTO ORDERS (ORDER_ID, ORDER_DATE, ORDER_TIME) VALUES (544, '2015-01-09', '18:31:04');
INSERT INTO ORDERS (ORDER_ID, ORDER_DATE, ORDER_TIME) VALUES (545, '2015-01-09', '18:46:28');
INSERT INTO ORDERS (ORDER_ID, ORDER_DATE, ORDER_TIME) VALUES (546, '2015-01-09', '18:47:27');
INSERT INTO ORDERS (ORDER_ID, ORDER_DATE, ORDER_TIME) VALUES (547, '2015-01-09', '18:49:23');
INSERT INTO ORDERS (ORDER_ID, ORDER_DATE, ORDER_TIME) VALUES (548, '2015-01-09', '19:06:09');
INSERT INTO ORDERS (ORDER_ID, ORDER_DATE, ORDER_TIME) VALUES (549, '2015-01-09', '19:06:34');
INSERT INTO ORDERS (ORDER_ID, ORDER_DATE, ORDER_TIME) VALUES (550, '2015-01-09', '19:12:59');

INSERT INTO ORDERS (ORDER_ID, ORDER_DATE, ORDER_TIME)
VALUES
(551, '2015-09-01', '19:26:24'),
(552, '2015-09-01', '19:31:25'),
(553, '2015-09-01', '20:14:47'),
(554, '2015-09-01', '20:15:51'),
(555, '2015-09-01', '20:18:25'),
(556, '2015-09-01', '20:23:12'),
(557, '2015-09-01', '20:30:06'),
(558, '2015-09-01', '20:51:10'),
(559, '2015-09-01', '21:10:16'),
(560, '2015-09-01', '21:13:48'),
(561, '2015-09-01', '21:47:56'),
(562, '2015-09-01', '22:04:05'),
(563, '2015-09-01', '22:19:03'),
(564, '2015-09-01', '22:32:32'),
(565, '2015-10-01', '12:11:19'),
(566, '2015-10-01', '12:21:19'),
(567, '2015-10-01', '12:27:47'),
(568, '2015-10-01', '12:28:53'),
(569, '2015-10-01', '12:37:10'),
(570, '2015-10-01', '13:13:59'),
(571, '2015-10-01', '13:14:47'),
(572, '2015-10-01', '13:15:32'),
(573, '2015-10-01', '13:39:33'),
(574, '2015-10-01', '13:40:54'),
(575, '2015-10-01', '13:41:04'),
(576, '2015-10-01', '13:44:22'),
(577, '2015-10-01', '13:45:00'),
(578, '2015-10-01', '13:48:49'),
(579, '2015-10-01', '13:51:19'),
(580, '2015-10-01', '13:56:01'),
(581, '2015-10-01', '14:13:01'),
(582, '2015-10-01', '14:24:14'),
(583, '2015-10-01', '14:33:19'),
(584, '2015-10-01', '15:05:29'),
(585, '2015-10-01', '15:58:42'),
(586, '2015-10-01', '16:09:57'),
(587, '2015-10-01', '16:32:36'),
(588, '2015-10-01', '16:33:36'),
(589, '2015-10-01', '17:12:39'),
(590, '2015-10-01', '17:23:39'),
(591, '2015-10-01', '17:32:54'),
(592, '2015-10-01', '17:41:55'),
(593, '2015-10-01', '17:48:57'),
(594, '2015-10-01', '17:50:19'),
(595, '2015-10-01', '18:12:28'),
(596, '2015-10-01', '18:24:07'),
(597, '2015-10-01', '18:32:36'),
(598, '2015-10-01', '18:34:14'),
(599, '2015-10-01', '18:34:27'),
(600, '2015-10-01', '18:53:52'),
(601, '2015-10-01', '18:58:19'),
(602, '2015-10-01', '19:02:27'),
(603, '2015-10-01', '19:03:11'),
(604, '2015-10-01', '19:13:29'),
(605, '2015-10-01', '19:23:51'),
(606, '2015-10-01', '19:27:18'),
(607, '2015-10-01', '19:36:16'),
(608, '2015-10-01', '19:36:33'),
(609, '2015-10-01', '19:39:32'),
(610, '2015-10-01', '19:51:02'),
(611, '2015-10-01', '19:58:10'),
(612, '2015-10-01', '19:58:15'),
(613, '2015-10-01', '20:10:44'),
(614, '2015-10-01', '20:12:33'),
(615, '2015-10-01', '20:14:03'),
(616, '2015-10-01', '20:20:10'),
(617, '2015-10-01', '20:27:26'),
(618, '2015-10-01', '20:31:14'),
(619, '2015-10-01', '20:41:58'),
(620, '2015-10-01', '20:45:45'),
(621, '2015-10-01', '20:49:29'),
(622, '2015-10-01', '20:57:41'),
(623, '2015-10-01', '21:21:21'),
(624, '2015-10-01', '21:22:44'),
(625, '2015-10-01', '21:50:23'),
(626, '2015-10-01', '21:55:12'),
(627, '2015-10-01', '22:18:35'),
(628, '2015-10-01', '22:47:17'),
(629, '2015-10-01', '22:48:39'),
(630, '2015-11-01', '11:42:08'),
(631, '2015-11-01', '11:44:36'),
(632, '2015-11-01', '11:44:52'),
(633, '2015-11-01', '11:51:45'),
(634, '2015-11-01', '12:14:15'),
(635, '2015-11-01', '12:18:31'),
(636, '2015-11-01', '12:34:44'),
(637, '2015-11-01', '12:44:10'),
(638, '2015-11-01', '12:49:26'),
(639, '2015-11-01', '13:23:21'),
(640, '2015-11-01', '13:28:08'),
(641, '2015-11-01', '13:37:46'),
(642, '2015-11-01', '13:40:00'),
(643, '2015-11-01', '13:43:19'),
(644, '2015-11-01', '13:52:52'),
(645, '2015-11-01', '14:03:45'),
(646, '2015-11-01', '14:07:26'),
(647, '2015-11-01', '14:07:35'),
(648, '2015-11-01', '14:17:17'),
(649, '2015-11-01', '14:29:23'),
(650, '2015-11-01', '14:34:05'),
(651, '2015-11-01', '14:49:35'),
(652, '2015-11-01', '16:03:38'),
(653, '2015-11-01', '16:18:23'),
(654, '2015-11-01', '16:34:07'),
(655, '2015-11-01', '16:43:33'),
(656, '2015-11-01', '16:44:49'),
(657, '2015-11-01', '16:45:47'),
(658, '2015-11-01', '16:55:24'),
(659, '2015-11-01', '16:56:39'),
(660, '2015-11-01', '17:09:36'),
(661, '2015-11-01', '17:18:14'),
(662, '2015-11-01', '17:21:49'),
(663, '2015-11-01', '17:29:14'),
(664, '2015-11-01', '17:35:14'),
(665, '2015-11-01', '17:42:23'),
(666, '2015-11-01', '17:42:25'),
(667, '2015-11-01', '18:13:08'),
(668, '2015-11-01', '18:13:12'),
(669, '2015-11-01', '18:40:44'),
(670, '2015-11-01', '18:46:25'),
(671, '2015-11-01', '19:18:42'),
(672, '2015-11-01', '19:18:46'),
(673, '2015-11-01', '19:28:13'),
(674, '2015-11-01', '19:33:05'),
(675, '2015-11-01', '19:33:19'),
(676, '2015-11-01', '19:44:57'),
(677, '2015-11-01', '19:51:09'),
(678, '2015-11-01', '19:52:49'),
(679, '2015-11-01', '20:31:02'),
(680, '2015-11-01', '21:07:30'),
(681, '2015-11-01', '21:29:50'),
(682, '2015-12-01', '11:38:15'),
(683, '2015-12-01', '11:39:08'),
(684, '2015-12-01', '12:01:23'),
(685, '2015-12-01', '12:11:46'),
(686, '2015-12-01', '12:13:07'),
(687, '2015-12-01', '12:21:09'),
(688, '2015-12-01', '12:26:41'),
(689, '2015-12-01', '12:33:22'),
(690, '2015-12-01', '12:42:10'),
(691, '2015-12-01', '12:45:53'),
(692, '2015-12-01', '12:53:37'),
(693, '2015-12-01', '13:04:24'),
(694, '2015-12-01', '13:30:47'),
(695, '2015-12-01', '13:33:06'),
(696, '2015-12-01', '13:49:40'),
(697, '2015-12-01', '13:58:56'),
(698, '2015-12-01', '14:08:16'),
(699, '2015-12-01', '14:27:03'),
(700, '2015-12-01', '14:31:13'),
(701, '2015-12-01', '14:33:39'),
(702, '2015-12-01', '14:38:35'),
(703, '2015-12-01', '15:08:01'),
(704, '2015-12-01', '15:28:25'),
(705, '2015-12-01', '15:31:00'),
(706, '2015-12-01', '15:39:04'),
(707, '2015-12-01', '15:41:32'),
(708, '2015-12-01', '15:52:44'),
(709, '2015-12-01', '15:53:56'),
(710, '2015-12-01', '15:59:52'),
(711, '2015-12-01', '16:21:10'),
(712, '2015-12-01', '16:22:18'),
(713, '2015-12-01', '16:31:56'),
(714, '2015-12-01', '16:55:08'),
(715, '2015-12-01', '17:05:33'),
(716, '2015-12-01', '17:06:05'),
(717, '2015-12-01', '17:24:44'),
(718, '2015-12-01', '17:46:30'),
(719, '2015-12-01', '17:52:27'),
(720, '2015-12-01', '17:53:59'),
(721, '2015-12-01', '18:17:15'),
(722, '2015-12-01', '18:20:58'),
(723, '2015-12-01', '18:21:04'),
(724, '2015-12-01', '18:24:47'),
(725, '2015-12-01', '18:33:14'),
(726, '2015-12-01', '18:34:25'),
(727, '2015-12-01', '18:44:57'),
(728, '2015-12-01', '18:53:17'),
(729, '2015-12-01', '19:20:41'),
(730, '2015-12-01', '19:22:00'),
(731, '2015-12-01', '19:27:47'),
(732, '2015-12-01', '19:30:17'),
(733, '2015-12-01', '19:57:36'),
(734, '2015-12-01', '20:00:30'),
(735, '2015-12-01', '20:35:34'),
(736, '2015-12-01', '21:35:14'),
(737, '2015-01-13', '11:31:34'),
(738, '2015-01-13', '12:16:47'),
(739, '2015-01-13', '12:19:38'),
(740, '2015-01-13', '12:29:51'),
(741, '2015-01-13', '12:49:09'),
(742, '2015-01-13', '12:53:01'),
(743, '2015-01-13', '13:08:32'),
(744, '2015-01-13', '13:34:48'),
(745, '2015-01-13', '13:36:53'),
(746, '2015-01-13', '13:41:13'),
(747, '2015-01-13', '14:15:02'),
(748, '2015-01-13', '14:27:31'),
(749, '2015-01-13', '14:29:23'),
(750, '2015-01-13', '14:48:09'),
(751, '2015-01-13', '15:07:35'),
(752, '2015-01-13', '15:19:25'),
(753, '2015-01-13', '15:22:11'),
(754, '2015-01-13', '15:47:56'),
(755, '2015-01-13', '15:50:49'),
(756, '2015-01-13', '15:55:11'),
(757, '2015-01-13', '16:10:34'),
(758, '2015-01-13', '16:14:43'),
(759, '2015-01-13', '16:14:56'),
(760, '2015-01-13', '16:27:40'),
(761, '2015-01-13', '16:30:20'),
(762, '2015-01-13', '16:36:36'),
(763, '2015-01-13', '16:38:57'),
(764, '2015-01-13', '16:39:39'),
(765, '2015-01-13', '17:11:41'),
(766, '2015-01-13', '17:21:45'),
(767, '2015-01-13', '17:21:48'),
(768, '2015-01-13', '17:23:34'),
(769, '2015-01-13', '17:43:17'),
(770, '2015-01-13', '17:44:13'),
(771, '2015-01-13', '17:59:32'),
(772, '2015-01-13', '18:07:59'),
(773, '2015-01-13', '18:18:15'),
(774, '2015-01-13', '18:31:07'),
(775, '2015-01-13', '18:42:12'),
(776, '2015-01-13', '18:50:43'),
(777, '2015-01-13', '19:10:20'),
(778, '2015-01-13', '19:18:08'),
(779, '2015-01-13', '19:19:58'),
(780, '2015-01-13', '20:12:49'),
(781, '2015-01-13', '20:31:17'),
(782, '2015-01-13', '20:36:27'),
(783, '2015-01-13', '21:17:08'),
(784, '2015-01-13', '21:39:41'),
(785, '2015-01-14', '11:28:44'),
(786, '2015-01-14', '11:35:30'),
(787, '2015-01-14', '11:45:30'),
(788, '2015-01-14', '11:46:19'),
(789, '2015-01-14', '11:51:37'),
(790, '2015-01-14', '12:07:30'),
(791, '2015-01-14', '12:23:54'),
(792, '2015-01-14', '12:37:48'),
(793, '2015-01-14', '12:38:27'),
(794, '2015-01-14', '12:39:16'),
(795, '2015-01-14', '12:42:17'),
(796, '2015-01-14', '12:43:09'),
(797, '2015-01-14', '12:50:01'),
(798, '2015-01-14', '12:50:30'),
(799, '2015-01-14', '12:51:29'),
(800, '2015-01-14', '12:54:35'),
('801', '2015-01-14', '13:10:53'),
('802', '2015-01-14', '13:23:47'),
('803', '2015-01-14', '13:37:51'),
('804', '2015-01-14', '13:42:01'),
('805', '2015-01-14', '14:07:52'),
('806', '2015-01-14', '14:12:22'),
('807', '2015-01-14', '14:15:29'),
('808', '2015-01-14', '14:15:32'),
('809', '2015-01-14', '14:26:17'),
('810', '2015-01-14', '14:48:30'),
('811', '2015-01-14', '14:48:56'),
('812', '2015-01-14', '15:37:45'),
('813', '2015-01-14', '16:09:29'),
('814', '2015-01-14', '16:21:23'),
('815', '2015-01-14', '16:38:00'),
('816', '2015-01-14', '17:04:08'),
('817', '2015-01-14', '17:10:38'),
('818', '2015-01-14', '17:15:50'),
('819', '2015-01-14', '17:21:39'),
('820', '2015-01-14', '17:24:09'),
('821', '2015-01-14', '17:37:26'),
('822', '2015-01-14', '17:38:53'),
('823', '2015-01-14', '17:42:17'),
('824', '2015-01-14', '17:53:41'),
('825', '2015-01-14', '18:06:06'),
('826', '2015-01-14', '18:06:14'),
('827', '2015-01-14', '18:09:48'),
('828', '2015-01-14', '18:23:55'),
('829', '2015-01-14', '18:27:42'),
('830', '2015-01-14', '18:38:17'),
('831', '2015-01-14', '18:38:20'),
('832', '2015-01-14', '18:47:06'),
('833', '2015-01-14', '19:07:45'),
('834', '2015-01-14', '19:25:16'),
('835', '2015-01-14', '19:56:01'),
('836', '2015-01-14', '20:08:08'),
('837', '2015-01-14', '20:12:27'),
('838', '2015-01-14', '20:33:57'),
('839', '2015-01-14', '20:40:40'),
('840', '2015-01-14', '20:46:12'),
('841', '2015-01-14', '20:57:40'),
('842', '2015-01-14', '21:09:39'),
('843', '2015-01-14', '21:32:21'),
('844', '2015-01-14', '21:36:58'),
('845', '2015-01-14', '21:42:56'),
('846', '2015-01-14', '22:16:24'),
('847', '2015-01-15', '11:37:03'),
('848', '2015-01-15', '11:56:46'),
('849', '2015-01-15', '12:08:30'),
('850', '2015-01-15', '12:15:35'),
('851', '2015-01-15', '12:20:22'),
('852', '2015-01-15', '12:33:51'),
('853', '2015-01-15', '12:36:39'),
('854', '2015-01-15', '12:51:19'),
('855', '2015-01-15', '12:56:54'),
('856', '2015-01-15', '12:59:20'),
('857', '2015-01-15', '13:01:53'),
('858', '2015-01-15', '13:03:42'),
('859', '2015-01-15', '13:05:13'),
('860', '2015-01-15', '13:07:53'),
('861', '2015-01-15', '13:08:44'),
('862', '2015-01-15', '13:10:45'),
('863', '2015-01-15', '13:12:29'),
('864', '2015-01-15', '14:04:23'),
('865', '2015-01-15', '14:10:00'),
('866', '2015-01-15', '14:18:09'),
('867', '2015-01-15', '14:19:28'),
('868', '2015-01-15', '14:27:25'),
('869', '2015-01-15', '14:31:43'),
('870', '2015-01-15', '14:38:31'),
('871', '2015-01-15', '14:45:22'),
('872', '2015-01-15', '14:48:37'),
('873', '2015-01-15', '15:06:15'),
('874', '2015-01-15', '15:20:36'),
('875', '2015-01-15', '15:23:21'),
('876', '2015-01-15', '15:27:03'),
('877', '2015-01-15', '15:32:59'),
('878', '2015-01-15', '16:05:58'),
('879', '2015-01-15', '16:12:57'),
('880', '2015-01-15', '16:19:26'),
('881', '2015-01-15', '16:40:04'),
('882', '2015-01-15', '16:44:46'),
('883', '2015-01-15', '16:56:05'),
('884', '2015-01-15', '16:57:15'),
('885', '2015-01-15', '16:57:55'),
('886', '2015-01-15', '17:05:35'),
('887', '2015-01-15', '17:13:58'),
('888', '2015-01-15', '17:14:27'),
('889', '2015-01-15', '17:27:51'),
('890', '2015-01-15', '17:32:25'),
('891', '2015-01-15', '17:43:34'),
('892', '2015-01-15', '18:04:29'),
('893', '2015-01-15', '18:15:22'),
('894', '2015-01-15', '18:17:26'),
('895', '2015-01-15', '18:18:11'),
('896', '2015-01-15', '18:27:28'),
('897', '2015-01-15', '18:53:07'),
('898', '2015-01-15', '18:56:49'),
('899', '2015-01-15', '19:06:14'),
('900', '2015-01-15', '19:09:51'),
('901', '2015-01-15', '19:16:11'),
('902', '2015-01-15', '19:21:00'),
('903', '2015-01-15', '19:27:22'),
('904', '2015-01-15', '20:07:01'),
('905', '2015-01-15', '20:12:06'),
('906', '2015-01-15', '20:51:59'),
('907', '2015-01-15', '20:54:32'),
('908', '2015-01-15', '21:42:32'),
('909', '2015-01-16', '11:19:25'),
('910', '2015-01-16', '11:25:40'),
('911', '2015-01-16', '11:36:00'),
('912', '2015-01-16', '11:39:48'),
('913', '2015-01-16', '11:55:24'),
('914', '2015-01-16', '12:14:22'),
('915', '2015-01-16', '12:20:22'),
('916', '2015-01-16', '12:30:09'),
('917', '2015-01-16', '12:34:15'),
('918', '2015-01-16', '13:06:04'),
('919', '2015-01-16', '13:11:15'),
('920', '2015-01-16', '13:16:55'),
('921', '2015-01-16', '13:18:32'),
('922', '2015-01-16', '13:19:43'),
('923', '2015-01-16', '13:23:29'),
('924', '2015-01-16', '13:27:57'),
('925', '2015-01-16', '13:42:47'),
('926', '2015-01-16', '13:51:38'),
('927', '2015-01-16', '13:59:21'),
('928', '2015-01-16', '14:14:40'),
('929', '2015-01-16', '14:24:45'),
('930', '2015-01-16', '15:00:11'),
('931', '2015-01-16', '15:27:24'),
('932', '2015-01-16', '15:33:19'),
('933', '2015-01-16', '15:49:05'),
('934', '2015-01-16', '15:55:24'),
('935', '2015-01-16', '16:14:59'),
('936', '2015-01-16', '16:19:19'),
('937', '2015-01-16', '16:20:32'),
('938', '2015-01-16', '16:43:09'),
('939', '2015-01-16', '16:59:23'),
('940', '2015-01-16', '17:05:08'),
('941', '2015-01-16', '17:09:08'),
('942', '2015-01-16', '17:18:37'),
('943', '2015-01-16', '17:22:00'),
('944', '2015-01-16', '17:54:33'),
('945', '2015-01-16', '17:58:38'),
('946', '2015-01-16', '18:00:48'),
('947', '2015-01-16', '18:13:15'),
('948', '2015-01-16', '18:42:17'),
('949', '2015-01-16', '18:52:18'),
('950', '2015-01-16', '18:57:56'),
('951', '2015-01-16', '19:03:46'),
('952', '2015-01-16', '19:05:35'),
('953', '2015-01-16', '19:12:08'),
('954', '2015-01-16', '19:14:03'),
('955', '2015-01-16', '19:24:16'),
('956', '2015-01-16', '19:24:40'),
('957', '2015-01-16', '19:32:12'),
('958', '2015-01-16', '19:33:33'),
('959', '2015-01-16', '19:34:00'),
('960', '2015-01-16', '19:35:00'),
('961', '2015-01-16', '19:42:20'),
('962', '2015-01-16', '19:55:17'),
('963', '2015-01-16', '20:06:41'),
('964', '2015-01-16', '20:24:37'),
('965', '2015-01-16', '20:41:02'),
('966', '2015-01-16', '20:59:17'),
('967', '2015-01-16', '21:03:33'),
('968', '2015-01-16', '21:23:01'),
('969', '2015-01-16', '21:36:19'),
('970', '2015-01-16', '21:44:35'),
('971', '2015-01-16', '21:46:20'),
('972', '2015-01-16', '22:03:09'),
('973', '2015-01-16', '22:06:08'),
('974', '2015-01-16', '22:06:53'),
('975', '2015-01-16', '22:10:21'),
('976', '2015-01-17', '11:53:19'),
('977', '2015-01-17', '12:01:58'),
('978', '2015-01-17', '12:24:36'),
('979', '2015-01-17', '12:57:28'),
('980', '2015-01-17', '12:58:36'),
('981', '2015-01-17', '13:56:46'),
('982', '2015-01-17', '14:12:58'),
('983', '2015-01-17', '14:29:31'),
('984', '2015-01-17', '14:33:55'),
('985', '2015-01-17', '14:34:50'),
('986', '2015-01-17', '14:35:25'),
('987', '2015-01-17', '14:41:14'),
('988', '2015-01-17', '14:44:56'),
('989', '2015-01-17', '15:08:38'),
('990', '2015-01-17', '15:30:10'),
('991', '2015-01-17', '15:43:27'),
('992', '2015-01-17', '15:49:31'),
('993', '2015-01-17', '16:16:59'),
('994', '2015-01-17', '16:19:42'),
('995', '2015-01-17', '16:57:30'),
('996', '2015-01-17', '17:11:07'),
('997', '2015-01-17', '17:16:26'),
('998', '2015-01-17', '17:19:16'),
('999', '2015-01-17', '17:21:24'),
('1000', '2015-01-17', '17:24:24');


-- insert values for order_details
INSERT INTO ORDER_DETAILS (ORDER_DETAIL_ID, ORDER_ID, PIZZA_ID, QUANTITY)
VALUES
    (1, 1, 'hawaiian_m', 1),
    (2, 2, 'classic_dlx_m', 1),
    (3, 2, 'five_cheese_l', 1),
    (4, 2, 'ital_supr_l', 1),
    (5, 2, 'mexicana_m', 1),
    (6, 2, 'thai_ckn_l', 1),
    (7, 3, 'ital_supr_m', 1),
    (8, 3, 'prsc_argla_l', 1),
    (9, 4, 'ital_supr_m', 1),
    (10, 5, 'ital_supr_m', 1),
    (11, 6, 'bbq_ckn_s', 1),
    (12, 6, 'the_greek_s', 1),
    (13, 7, 'spinach_supr_s', 1),
    (14, 8, 'spinach_supr_s', 1),
    (15, 9, 'classic_dlx_s', 1),
    (16, 9, 'green_garden_s', 1),
    (17, 9, 'ital_cpcllo_l', 1),
    (18, 9, 'ital_supr_l', 1),
    (19, 9, 'ital_supr_s', 1),
    (20, 9, 'mexicana_s', 1),
    (21, 9, 'spicy_ital_l', 1),
    (22, 9, 'spin_pesto_l', 1),
    (23, 9, 'veggie_veg_s', 1),
    (24, 10, 'mexicana_l', 1),
    (25, 10, 'southw_ckn_l', 1),
    (26, 11, 'bbq_ckn_l', 1),
    (27, 11, 'cali_ckn_l', 1),
    (28, 11, 'cali_ckn_m', 1),
    (29, 11, 'pepperoni_l', 1),
    (30, 12, 'cali_ckn_l', 1),
    (31, 12, 'cali_ckn_s', 1),
    (32, 12, 'ckn_pesto_l', 1),
    (33, 12, 'ital_supr_m', 1),
    (34, 13, 'mexicana_l', 1),
    (35, 14, 'the_greek_s', 1),
    (36, 15, 'big_meat_s', 1),
    (37, 15, 'five_cheese_l', 1),
    (38, 15, 'soppressata_l', 1),
    (39, 15, 'the_greek_s', 1),
    (40, 16, 'four_cheese_l', 1),
    (41, 16, 'napolitana_s', 1),
    (42, 16, 'thai_ckn_l', 1),
    (43, 17, 'bbq_ckn_l', 1),
    (44, 17, 'calabrese_m', 1),
    (45, 17, 'five_cheese_l', 1),
    (46, 17, 'four_cheese_m', 1),
    (47, 17, 'ital_supr_m', 1),
    (48, 17, 'ital_veggie_s', 1),
    (49, 17, 'mediterraneo_m', 2),
    (50, 17, 'mexicana_l', 1),
    (51, 17, 'peppr_salami_s', 1),
    (52, 17, 'spinach_fet_l', 1),
    (53, 18, 'napolitana_l', 1),
    (54, 19, 'ital_cpcllo_l', 1),
    (55, 19, 'sicilian_l', 1),
    (56, 20, 'big_meat_s', 1),
    (57, 20, 'five_cheese_l', 1),
    (58, 21, 'ital_cpcllo_l', 1),
    (59, 22, 'five_cheese_l', 1),
    (60, 22, 'ital_cpcllo_m', 1),
    (61, 22, 'southw_ckn_l', 1),
    (62, 23, 'southw_ckn_s', 1),
    (63, 24, 'bbq_ckn_m', 1),
    (64, 24, 'ital_cpcllo_m', 1),
    (65, 24, 'pepperoni_m', 1),
    (66, 24, 'prsc_argla_s', 1),
    (67, 25, 'sicilian_m', 1),
    (68, 25, 'thai_ckn_l', 1),
    (69, 26, 'classic_dlx_s', 1),
    (70, 26, 'veggie_veg_l', 1),
    (71, 27, 'bbq_ckn_l', 1),
    (72, 27, 'classic_dlx_m', 1),
    (73, 27, 'spinach_fet_l', 1),
    (74, 28, 'ckn_alfredo_s', 1),
    (75, 29, 'green_garden_s', 1),
    (76, 30, 'thai_ckn_l', 1),
    (77, 31, 'mexicana_m', 1),
    (78, 31, 'pepperoni_s', 1),
    (79, 32, 'big_meat_s', 1),
    (80, 32, 'green_garden_l', 1),
    (81, 32, 'ital_cpcllo_l', 1),
    (82, 32, 'ital_supr_m', 1),
    (83, 33, 'bbq_ckn_l', 1),
    (84, 33, 'green_garden_s', 1),
    (85, 34, 'the_greek_s', 1),
    (86, 35, 'green_garden_m', 1),
    (87, 35, 'pep_msh_pep_l', 1),
    (88, 35, 'pepperoni_m', 1),
    (89, 35, 'thai_ckn_l', 1),
    (90, 36, 'bbq_ckn_m', 1),
    (91, 36, 'classic_dlx_m', 1),
    (92, 37, 'ital_supr_l', 1),
    (93, 37, 'mexicana_l', 1),
    (94, 38, 'hawaiian_s', 1),
    (95, 38, 'ital_cpcllo_l', 1),
    (96, 39, 'ital_supr_l', 1),
(98, 40, 'southw_ckn_s', 1),
(99, 41, 'four_cheese_m', 1),
(100, 41, 'green_garden_s', 1),
(101, 42, 'big_meat_s', 1),
(102, 42, 'five_cheese_l', 1),
(103, 42, 'mexicana_l', 1),
(104, 42, 'peppr_salami_m', 1),
(105, 43, 'ckn_alfredo_m', 1),
(106, 43, 'ital_supr_m', 1),
(107, 43, 'peppr_salami_l', 1),
(108, 44, 'spin_pesto_s', 1),
(109, 45, 'four_cheese_l', 1),
(110, 45, 'hawaiian_s', 1),
(111, 45, 'thai_ckn_m', 1),
(112, 46, 'ckn_pesto_l', 1),
(113, 46, 'classic_dlx_l', 1),
(114, 46, 'thai_ckn_m', 1),
(115, 47, 'southw_ckn_l', 1),
(116, 47, 'veggie_veg_s', 1),
(117, 48, 'ckn_pesto_m', 1),
(118, 48, 'green_garden_s', 1),
(119, 48, 'prsc_argla_l', 1),
(120, 48, 'spicy_ital_l', 1),
(121, 49, 'sicilian_l', 1),
(122, 50, 'the_greek_xl', 1),
(123, 51, 'bbq_ckn_l', 1),
(124, 51, 'pep_msh_pep_l', 1),
(125, 52, 'hawaiian_l', 1),
(126, 52, 'mexicana_l', 1),
(127, 52, 'spicy_ital_l', 1),
(128, 53, 'pep_msh_pep_s', 1),
(129, 53, 'spinach_supr_m', 1),
(130, 54, 'prsc_argla_m', 1),
(131, 54, 'thai_ckn_l', 1),
(132, 55, 'peppr_salami_s', 1),
(133, 55, 'spicy_ital_l', 1),
(134, 56, 'classic_dlx_m', 1),
(135, 56, 'mediterraneo_l', 1),
(136, 56, 'southw_ckn_m', 1),
(137, 57, 'classic_dlx_m', 1),
(138, 58, 'five_cheese_l', 1),
(139, 58, 'pepperoni_m', 1),
(140, 59, 'ital_veggie_s', 1),
(141, 59, 'pep_msh_pep_s', 1),
(142, 59, 'pepperoni_l', 1),
(143, 60, 'ckn_pesto_l', 1),
(144, 60, 'four_cheese_m', 1),
(145, 61, 'bbq_ckn_m', 1),
(146, 61, 'ital_supr_l', 1),
(147, 62, 'bbq_ckn_m', 1),
(148, 62, 'spinach_supr_m', 1),
(149, 63, 'pep_msh_pep_m', 1),
(150, 64, 'big_meat_s', 1),
(151, 65, 'pep_msh_pep_s', 1),
(152, 65, 'sicilian_s', 1),
(153, 65, 'spicy_ital_s', 1),
(154, 65, 'spinach_supr_m', 1),
(155, 66, 'classic_dlx_m', 1),
(156, 66, 'ital_cpcllo_m', 1),
(157, 67, 'southw_ckn_l', 1),
(158, 68, 'classic_dlx_m', 1),
(159, 68, 'ital_supr_l', 1),
(160, 68, 'ital_supr_m', 1),
(161, 69, 'bbq_ckn_l', 1),
(162, 70, 'ital_veggie_s', 1),
(163, 70, 'soppressata_l', 1),
(164, 71, 'thai_ckn_l', 1),
(165, 72, 'spinach_fet_l', 1),
(166, 73, 'thai_ckn_s', 1),
(167, 74, 'five_cheese_l', 1),
(168, 74, 'mexicana_l', 1),
(169, 74, 'spin_pesto_s', 1),
(170, 74, 'spinach_supr_l', 1),
(171, 75, 'ital_supr_s', 1),
(172, 75, 'mediterraneo_l', 1),
(173, 75, 'napolitana_l', 1),
(174, 76, 'big_meat_s', 1),
(175, 76, 'hawaiian_l', 1),
(176, 76, 'ital_veggie_l', 1),
(177, 76, 'spicy_ital_l', 1),
(178, 77, 'bbq_ckn_m', 1),
(179, 77, 'hawaiian_m', 1),
(180, 78, 'big_meat_s', 1),
(181, 78, 'classic_dlx_s', 1),
(182, 78, 'four_cheese_l', 1),
(183, 78, 'ital_cpcllo_m', 1),
(184, 78, 'spicy_ital_l', 3),
(185, 78, 'thai_ckn_s', 1),
(186, 79, 'ital_cpcllo_l', 1),
(187, 79, 'pep_msh_pep_s', 1),
(188, 79, 'thai_ckn_l', 1),
(189, 80, 'pepperoni_s', 1),
(190, 80, 'thai_ckn_m', 1),
(191, 81, 'thai_ckn_l', 1),
(192, 82, 'big_meat_s', 1),
(193, 82, 'cali_ckn_m', 1),
(194, 82, 'spicy_ital_l', 1),
(195, 82, 'veggie_veg_m', 1),
(196, 83, 'southw_ckn_s', 1),
(197, 84, 'pepperoni_l', 1),
(198, 85, 'classic_dlx_m', 1),
(199, 85, 'classic_dlx_s', 1),
(200, 85, 'ital_supr_l', 1),
(201, 85, 'the_greek_m', 1),
(202, 86, 'hawaiian_l', 1),
(203, 87, 'ital_cpcllo_m', 1),
(204, 87, 'mexicana_m', 1),
(205, 87, 'spinach_supr_l', 1),
(206, 87, 'spinach_supr_s', 1),
(207, 88, 'five_cheese_l', 1),
(208, 89, 'soppressata_l', 1),
(209, 89, 'thai_ckn_l', 1),
(210, 90, 'sicilian_l', 1),
(211, 90, 'thai_ckn_s', 1),
(212, 91, 'bbq_ckn_l', 2),
(213, 91, 'ckn_pesto_s', 1),
(214, 91, 'pepperoni_s', 1),
(215, 92, 'bbq_ckn_m', 1),
(216, 92, 'ital_supr_l', 1),
(217, 92, 'ital_supr_m', 1),
(218, 92, 'ital_veggie_s', 1),
(219, 92, 'pepperoni_m', 1),
(220, 92, 'peppr_salami_m', 1),
(221, 92, 'spinach_fet_s', 1),
(222, 92, 'spinach_supr_s', 1),
(223, 92, 'the_greek_m', 2),
(224, 93, 'sicilian_m', 1),
(225, 94, 'ital_cpcllo_m', 1),
(226, 94, 'southw_ckn_s', 1),
(227, 95, 'napolitana_s', 1),
(228, 95, 'peppr_salami_l', 1),
(229, 96, 'napolitana_s', 1),
(230, 97, 'big_meat_s', 1),
(231, 98, 'classic_dlx_l', 1),
(232, 98, 'napolitana_l', 1),
(233, 99, 'ital_supr_l', 1),
(234, 100, 'hawaiian_l', 1),
(235, 101, 'cali_ckn_l', 1),
(236, 101, 'pepperoni_l', 1),
(237, 101, 'soppressata_l', 1),
(238, 101, 'spicy_ital_m', 1),
(239, 102, 'bbq_ckn_s', 1),
(240, 102, 'prsc_argla_s', 1),
(241, 103, 'spinach_supr_s', 1),
(242, 104, 'bbq_ckn_m', 1),
(243, 104, 'ckn_alfredo_m', 1),
(244, 104, 'ital_veggie_m', 1),
(245, 104, 'veggie_veg_l', 1),
(246, 105, 'hawaiian_s', 2),
(247, 105, 'pepperoni_l', 1),
(248, 105, 'prsc_argla_m', 1),
(249, 106, 'mexicana_l', 1),
(250, 106, 'spicy_ital_l', 1),
    (251, 107, 'cali_ckn_l', 1),
    (252, 107, 'ital_supr_m', 1),
    (253, 107, 'spicy_ital_l', 1),
    (254, 107, 'veggie_veg_l', 1),
    (255, 108, 'classic_dlx_l', 1),
    (256, 108, 'hawaiian_l', 1),
    (257, 108, 'spinach_supr_l', 1),
    (258, 109, 'ital_cpcllo_l', 1),
    (259, 109, 'ital_supr_l', 1),
    (260, 109, 'pepperoni_m', 1),
    (261, 109, 'prsc_argla_l', 1),
    (262, 110, 'big_meat_s', 1),
    (263, 110, 'napolitana_l', 1),
    (264, 110, 'soppressata_l', 1),
    (265, 110, 'spicy_ital_s', 1),
    (266, 111, 'cali_ckn_m', 1),
    (267, 111, 'five_cheese_l', 1),
    (268, 111, 'pepperoni_m', 1),
    (269, 111, 'spin_pesto_l', 1),
    (270, 112, 'pepperoni_s', 1),
    (271, 113, 'cali_ckn_l', 1),
    (272, 113, 'mexicana_l', 1),
    (273, 113, 'southw_ckn_m', 1),
    (274, 114, 'pepperoni_l', 1),
    (275, 114, 'sicilian_s', 1),
    (276, 115, 'big_meat_s', 1),
    (277, 115, 'napolitana_l', 1),
    (278, 115, 'thai_ckn_m', 1),
    (279, 116, 'five_cheese_l', 1),
    (280, 117, 'peppr_salami_m', 1),
    (281, 117, 'sicilian_l', 1),
    (282, 118, 'prsc_argla_l', 1),
    (283, 118, 'spinach_fet_s', 1),
    (284, 119, 'four_cheese_m', 1),
    (285, 120, 'classic_dlx_s', 1),
    (286, 120, 'hawaiian_s', 1),
    (287, 120, 'spinach_fet_l', 1),
    (288, 121, 'bbq_ckn_m', 1),
    (289, 121, 'four_cheese_l', 1),
    (290, 121, 'sicilian_l', 1),
    (291, 121, 'southw_ckn_l', 1),
    (292, 122, 'ital_supr_m', 1),
    (293, 123, 'ital_cpcllo_s', 1),
    (294, 124, 'bbq_ckn_s', 1),
    (295, 124, 'sicilian_l', 1),
    (296, 124, 'spicy_ital_l', 1),
    (297, 124, 'the_greek_s', 1),
    (298, 125, 'the_greek_xl', 1),
    (299, 126, 'veggie_veg_l', 1),
    (300, 127, 'pepperoni_m', 1),
(301, 128, 'spicy_ital_s', 1),
(302, 129, 'big_meat_s', 1),
(303, 129, 'the_greek_m', 1),
(304, 130, 'hawaiian_s', 1),
(305, 130, 'ital_cpcllo_l', 1),
(306, 130, 'mexicana_m', 1),
(307, 130, 'southw_ckn_s', 1),
(308, 131, 'ckn_pesto_l', 1),
(309, 131, 'five_cheese_l', 1),
(310, 131, 'green_garden_s', 1),
(311, 131, 'spinach_supr_s', 1),
(312, 132, 'pepperoni_s', 1),
(313, 133, 'bbq_ckn_l', 1),
(314, 133, 'hawaiian_l', 1),
(315, 133, 'the_greek_s', 1),
(316, 134, 'big_meat_s', 1),
(317, 134, 'southw_ckn_l', 1),
(318, 134, 'spinach_supr_s', 1),
(319, 135, 'veggie_veg_l', 1),
(320, 136, 'five_cheese_l', 1),
(321, 136, 'peppr_salami_s', 1),
(322, 137, 'mediterraneo_l', 1),
(323, 137, 'pepperoni_s', 1),
(324, 137, 'spicy_ital_m', 1),
(325, 138, 'cali_ckn_m', 1),
(326, 138, 'four_cheese_l', 1),
(327, 138, 'ital_veggie_l', 1),
(328, 138, 'sicilian_m', 1),
(329, 139, 'five_cheese_l', 1),
(330, 140, 'prsc_argla_s', 1),
(331, 140, 'veggie_veg_m', 1),
(332, 141, 'classic_dlx_m', 1),
(333, 142, 'green_garden_m', 1),
(334, 143, 'cali_ckn_s', 1),
(335, 143, 'classic_dlx_s', 1),
(336, 143, 'hawaiian_l', 1),
(337, 143, 'mexicana_m', 1),
(338, 143, 'pepperoni_l', 1),
(339, 143, 'prsc_argla_s', 1),
(340, 143, 'thai_ckn_l', 1),
(341, 143, 'veggie_veg_m', 1),
(342, 144, 'bbq_ckn_m', 3),
(343, 144, 'big_meat_s', 1),
(344, 144, 'cali_ckn_l', 1),
(345, 144, 'ckn_pesto_m', 1),
(346, 144, 'five_cheese_l', 1),
(347, 144, 'four_cheese_l', 1),
(348, 144, 'pep_msh_pep_s', 1),
(349, 144, 'southw_ckn_l', 1),
(350, 144, 'southw_ckn_s', 1),
(351, 144, 'spicy_ital_l', 1),
(352, 144, 'thai_ckn_m', 1),
(353, 144, 'veggie_veg_l', 1),
(354, 145, 'the_greek_s', 1),
(355, 146, 'cali_ckn_l', 1),
(356, 146, 'four_cheese_m', 1),
(357, 146, 'hawaiian_m', 1),
(358, 147, 'the_greek_xl', 1),
(359, 148, 'mediterraneo_s', 1),
(360, 149, 'spinach_fet_m', 1),
(361, 150, 'pepperoni_m', 1),
(362, 151, 'southw_ckn_l', 1),
(363, 151, 'spinach_supr_s', 1),
(364, 152, 'hawaiian_s', 1),
(365, 152, 'spinach_fet_l', 1),
(366, 152, 'thai_ckn_s', 1),
(367, 152, 'the_greek_m', 1),
(368, 153, 'mexicana_m', 1),
(369, 154, 'prsc_argla_s', 1),
(370, 155, 'ckn_pesto_s', 1),
(371, 155, 'napolitana_l', 1),
(372, 155, 'pepperoni_l', 1),
(373, 155, 'peppr_salami_l', 1),
(374, 156, 'napolitana_m', 1),
(375, 156, 'thai_ckn_l', 1),
(376, 157, 'ital_supr_l', 1),
(377, 157, 'mediterraneo_m', 1),
(378, 157, 'sicilian_m', 1),
(379, 157, 'spin_pesto_m', 1),
(380, 158, 'ital_veggie_m', 1),
(381, 158, 'thai_ckn_m', 1),
(382, 159, 'four_cheese_l', 1),
(383, 159, 'thai_ckn_m', 1),
(384, 160, 'classic_dlx_m', 1),
(385, 161, 'hawaiian_s', 1),
(386, 161, 'spicy_ital_m', 1),
(387, 161, 'the_greek_xl', 1),
(388, 162, 'big_meat_s', 1),
(389, 163, 'hawaiian_m', 1),
(390, 163, 'pepperoni_l', 1),
(391, 163, 'the_greek_m', 1),
(392, 164, 'cali_ckn_l', 1),
(393, 164, 'pepperoni_m', 1),
(394, 165, 'prsc_argla_m', 1),
(395, 166, 'prsc_argla_s', 1),
(396, 167, 'bbq_ckn_l', 1),
(397, 167, 'ital_supr_m', 1),
(398, 167, 'pepperoni_m', 1),
(399, 168, 'big_meat_s', 1),
(400, 168, 'veggie_veg_m', 1),
    (401, 169, 'four_cheese_l', 1),
    (402, 169, 'ital_cpcllo_s', 1),
    (403, 169, 'sicilian_m', 1),
    (404, 170, 'hawaiian_l', 1),
    (405, 171, 'napolitana_m', 1),
    (406, 172, 'napolitana_s', 1),
    (407, 172, 'spinach_supr_m', 1),
    (408, 172, 'thai_ckn_l', 1),
    (409, 173, 'cali_ckn_m', 1),
    (410, 173, 'classic_dlx_m', 1),
    (411, 173, 'veggie_veg_l', 1),
    (412, 174, 'big_meat_s', 1),
    (413, 174, 'cali_ckn_l', 1),
    (414, 174, 'cali_ckn_m', 1),
    (415, 174, 'ital_cpcllo_m', 1),
    (416, 175, 'ital_supr_l', 1),
    (417, 176, 'cali_ckn_l', 1),
    (418, 176, 'peppr_salami_m', 1),
    (419, 177, 'napolitana_s', 1),
    (420, 177, 'thai_ckn_l', 1),
    (421, 178, 'peppr_salami_l', 1),
    (422, 179, 'hawaiian_l', 1),
    (423, 179, 'sicilian_m', 1),
    (424, 179, 'veggie_veg_s', 1),
    (425, 180, 'classic_dlx_l', 1),
    (426, 180, 'prsc_argla_l', 1),
    (427, 181, 'mexicana_l', 1),
    (428, 182, 'brie_carre_s', 1),
    (429, 182, 'peppr_salami_l', 1),
    (430, 183, 'napolitana_m', 1),
    (431, 183, 'spin_pesto_l', 1),
    (432, 183, 'spin_pesto_s', 1),
    (433, 184, 'hawaiian_l', 1),
    (434, 185, 'sicilian_m', 1),
    (435, 185, 'spin_pesto_s', 1),
    (436, 186, 'mexicana_l', 1),
    (437, 186, 'southw_ckn_l', 1),
    (438, 186, 'spin_pesto_l', 1),
    (439, 186, 'thai_ckn_l', 1),
    (440, 187, 'five_cheese_l', 1),
    (441, 187, 'spin_pesto_l', 1),
    (442, 188, 'five_cheese_l', 1),
    (443, 188, 'pepperoni_s', 1),
    (444, 188, 'peppr_salami_l', 1),
    (445, 189, 'big_meat_s', 2),
    (446, 189, 'thai_ckn_s', 1),
    (447, 190, 'bbq_ckn_l', 1),
    (448, 190, 'four_cheese_m', 1),
    (449, 190, 'pep_msh_pep_s', 1),
    (450, 190, 'prsc_argla_l', 1),
    (451, 191, 'cali_ckn_l', 1),
    (452, 191, 'ckn_alfredo_m', 1),
    (453, 192, 'sicilian_s', 1),
    (454, 192, 'southw_ckn_l', 1),
    (455, 193, 'big_meat_s', 1),
    (456, 193, 'cali_ckn_m', 1),
    (457, 193, 'ckn_alfredo_l', 2),
    (458, 194, 'bbq_ckn_s', 1),
    (459, 195, 'bbq_ckn_l', 1),
    (460, 196, 'sicilian_s', 1),
    (461, 196, 'spicy_ital_m', 1),
    (462, 196, 'veggie_veg_m', 1),
    (463, 197, 'four_cheese_l', 1),
    (464, 197, 'ital_cpcllo_l', 1),
    (465, 197, 'ital_veggie_l', 1),
    (466, 197, 'soppressata_l', 1),
    (467, 198, 'big_meat_s', 1),
    (468, 198, 'ckn_alfredo_l', 1),
    (469, 199, 'ckn_alfredo_m', 1),
    (470, 200, 'the_greek_xl', 1),
    (471, 201, 'calabrese_m', 1),
    (472, 201, 'ckn_pesto_l', 1),
    (473, 201, 'ital_supr_l', 1),
    (474, 201, 'the_greek_xl', 1),
    (475, 202, 'cali_ckn_s', 1),
    (476, 203, 'cali_ckn_l', 1),
    (477, 203, 'ital_veggie_m', 1),
    (478, 203, 'pep_msh_pep_l', 1),
    (479, 203, 'the_greek_s', 1),
    (480, 204, 'spicy_ital_l', 1),
    (481, 205, 'cali_ckn_s', 1),
    (482, 205, 'ckn_alfredo_m', 1),
    (483, 205, 'prsc_argla_s', 1),
    (484, 206, 'napolitana_m', 1),
    (485, 206, 'pepperoni_s', 1),
    (486, 206, 'spicy_ital_l', 1),
    (487, 207, 'spicy_ital_l', 1),
    (488, 208, 'bbq_ckn_l', 1),
    (489, 208, 'bbq_ckn_s', 1),
    (490, 208, 'ckn_alfredo_m', 1),
    (491, 208, 'pepperoni_m', 1),
    (492, 208, 'the_greek_m', 1),
    (493, 209, 'cali_ckn_l', 1),
    (494, 210, 'spinach_fet_s', 1),
    (495, 211, 'pepperoni_s', 1),
    (496, 212, 'ital_cpcllo_l', 1),
    (497, 213, 'four_cheese_l', 1),
    (498, 214, 'ital_cpcllo_l', 1),
    (499, 214, 'ital_supr_m', 1),
    (500, 214, 'mexicana_s', 1),
(501, 214, 'spin_pesto_m', 1),
(502, 215, 'green_garden_s', 1),
(503, 216, 'bbq_ckn_m', 1),
(504, 216, 'five_cheese_l', 1),
(505, 216, 'hawaiian_l', 1),
(506, 217, 'classic_dlx_m', 1),
(507, 217, 'spinach_fet_s', 1),
(508, 218, 'spicy_ital_m', 1),
(509, 219, 'bbq_ckn_l', 1),
(510, 219, 'five_cheese_l', 1),
(511, 219, 'peppr_salami_m', 1),
(512, 219, 'spinach_fet_m', 1),
(513, 220, 'hawaiian_s', 1),
(514, 220, 'ital_cpcllo_s', 1),
(515, 220, 'napolitana_l', 1),
(516, 220, 'spicy_ital_l', 1),
(517, 221, 'five_cheese_l', 1),
(518, 221, 'prsc_argla_m', 1),
(519, 221, 'the_greek_s', 1),
(520, 222, 'four_cheese_l', 1),
(521, 222, 'sicilian_s', 1),
(522, 223, 'pep_msh_pep_s', 1),
(523, 224, 'ckn_alfredo_s', 1),
(524, 224, 'ital_supr_m', 1),
(525, 224, 'napolitana_m', 1),
(526, 224, 'thai_ckn_l', 1),
(527, 225, 'bbq_ckn_l', 1),
(528, 225, 'bbq_ckn_m', 1),
(529, 225, 'southw_ckn_s', 1),
(530, 226, 'classic_dlx_l', 1),
(531, 227, 'bbq_ckn_m', 1),
(532, 227, 'the_greek_m', 1),
(533, 228, 'ital_veggie_s', 1),
(534, 229, 'ital_veggie_l', 1),
(535, 229, 'prsc_argla_l', 1),
(536, 229, 'spin_pesto_s', 1),
(537, 230, 'thai_ckn_m', 1),
(538, 231, 'cali_ckn_l', 1),
(539, 231, 'napolitana_s', 1),
(540, 231, 'prsc_argla_s', 1),
(541, 232, 'bbq_ckn_m', 1),
(542, 232, 'spinach_supr_l', 1),
(543, 233, 'spinach_fet_s', 1),
(544, 234, 'ckn_alfredo_m', 1),
(545, 234, 'ital_supr_s', 1),
(546, 234, 'napolitana_m', 1),
(547, 235, 'cali_ckn_m', 1),
(548, 236, 'classic_dlx_l', 1),
(549, 236, 'green_garden_m', 1),
(550, 237, 'green_garden_s', 1),
(551, 238, 'spin_pesto_l', 1),
(552, 239, 'ital_supr_l', 1),
(553, 239, 'thai_ckn_m', 1),
(554, 240, 'four_cheese_m', 1),
(555, 241, 'sicilian_m', 1),
(556, 241, 'spinach_supr_l', 1),
(557, 242, 'calabrese_m', 1),
(558, 242, 'thai_ckn_l', 1),
(559, 242, 'veggie_veg_m', 1),
(560, 243, 'classic_dlx_l', 1),
(561, 243, 'spinach_supr_s', 1),
(562, 244, 'ital_supr_s', 1),
(563, 244, 'spicy_ital_l', 1),
(564, 245, 'bbq_ckn_l', 1),
(565, 245, 'ckn_pesto_l', 1),
(566, 246, 'ckn_alfredo_m', 1),
(567, 246, 'pepperoni_l', 1),
(568, 247, 'hawaiian_m', 1),
(569, 247, 'sicilian_m', 1),
(570, 247, 'spinach_supr_s', 1),
(571, 248, 'hawaiian_s', 1),
(572, 248, 'thai_ckn_l', 1),
(573, 249, 'bbq_ckn_l', 1),
(574, 249, 'calabrese_s', 1),
(575, 250, 'four_cheese_m', 1),
(576, 251, 'mexicana_m', 1),
(577, 252, 'prsc_argla_m', 1),
(578, 253, 'brie_carre_s', 1),
(579, 254, 'bbq_ckn_l', 1),
(580, 254, 'brie_carre_s', 1),
(581, 254, 'five_cheese_l', 1),
(582, 255, 'five_cheese_l', 1),
(583, 255, 'green_garden_m', 1),
(584, 255, 'hawaiian_l', 1),
(585, 255, 'spinach_fet_m', 1),
(586, 256, 'pep_msh_pep_l', 1),
(587, 257, 'cali_ckn_l', 1),
(588, 257, 'ckn_alfredo_l', 1),
(589, 258, 'classic_dlx_m', 1),
(590, 259, 'pepperoni_l', 1),
(591, 260, 'five_cheese_l', 1),
(592, 260, 'the_greek_l', 1),
(593, 261, 'brie_carre_s', 1),
(594, 262, 'cali_ckn_m', 1),
(595, 263, 'spin_pesto_l', 1),
(596, 264, 'mexicana_m', 1),
(597, 265, 'ckn_alfredo_m', 1),
(598, 265, 'mexicana_l', 1),
(599, 265, 'sicilian_m', 1),
(600, 265, 'spicy_ital_l', 1),
(601, 266, 'peppr_salami_m', 1),
(602, 267, 'four_cheese_l', 1),
(603, 267, 'mediterraneo_l', 1),
(604, 267, 'napolitana_s', 1),
(605, 268, 'ital_supr_l', 1),
(606, 268, 'pepperoni_s', 1),
(607, 269, 'ckn_alfredo_m', 1),
(608, 270, 'southw_ckn_l', 1),
(609, 270, 'spin_pesto_l', 1),
(610, 270, 'thai_ckn_l', 1),
(611, 271, 'big_meat_s', 1),
(612, 271, 'cali_ckn_m', 2),
(613, 271, 'ckn_alfredo_m', 2),
(614, 271, 'ckn_pesto_l', 2),
(615, 271, 'classic_dlx_m', 1),
(616, 271, 'ital_supr_m', 1),
(617, 271, 'sicilian_s', 1),
(618, 271, 'soppressata_m', 1),
(619, 271, 'southw_ckn_m', 1),
(620, 271, 'the_greek_s', 1),
(621, 272, 'ital_supr_m', 1),
(622, 273, 'soppressata_s', 1),
(623, 274, 'four_cheese_l', 1),
(624, 274, 'thai_ckn_l', 1),
(625, 275, 'classic_dlx_l', 1),
(626, 275, 'five_cheese_l', 1),
(627, 275, 'pepperoni_s', 1),
(628, 275, 'sicilian_m', 1),
(629, 276, 'five_cheese_l', 1),
(630, 276, 'spicy_ital_l', 1),
(631, 277, 'four_cheese_m', 1),
(632, 278, 'ital_veggie_m', 1),
(633, 278, 'southw_ckn_l', 1),
(634, 279, 'cali_ckn_m', 1),
(635, 279, 'ckn_alfredo_m', 1),
(636, 280, 'prsc_argla_m', 1),
(637, 280, 'veggie_veg_m', 1),
(638, 281, 'sicilian_s', 1),
(639, 282, 'classic_dlx_s', 1),
(640, 282, 'five_cheese_l', 1),
(641, 282, 'peppr_salami_l', 1),
(642, 282, 'spin_pesto_l', 1),
(643, 283, 'napolitana_m', 1),
(644, 284, 'four_cheese_m', 1),
(645, 284, 'hawaiian_s', 1),
(646, 284, 'napolitana_m', 1),
(647, 285, 'prsc_argla_l', 1),
(648, 286, 'ital_supr_m', 1),
(649, 286, 'peppr_salami_l', 1),
(650, 287, 'ital_supr_m', 1),
    (651, 287, 'pep_msh_pep_m', 1),
    (652, 287, 'pepperoni_m', 1),
    (653, 287, 'sicilian_s', 1),
    (654, 288, 'brie_carre_s', 1),
    (655, 288, 'prsc_argla_l', 1),
    (656, 288, 'spinach_supr_l', 1),
    (657, 289, 'five_cheese_l', 1),
    (658, 290, 'classic_dlx_s', 1),
    (659, 290, 'veggie_veg_m', 1),
    (660, 291, 'bbq_ckn_l', 1),
    (661, 291, 'ckn_alfredo_m', 2),
    (662, 291, 'four_cheese_m', 1),
    (663, 292, 'spin_pesto_m', 1),
    (664, 292, 'spinach_fet_l', 1),
    (665, 293, 'classic_dlx_s', 1),
    (666, 293, 'ital_veggie_s', 1),
    (667, 294, 'bbq_ckn_m', 1),
    (668, 294, 'ital_supr_l', 1),
    (669, 294, 'thai_ckn_l', 1),
    (670, 295, 'cali_ckn_m', 1),
    (671, 296, 'green_garden_s', 1),
    (672, 296, 'ital_cpcllo_s', 1),
    (673, 296, 'thai_ckn_m', 1),
    (674, 297, 'southw_ckn_m', 1),
    (675, 298, 'cali_ckn_m', 1),
    (676, 298, 'cali_ckn_s', 1),
    (677, 298, 'ckn_alfredo_m', 1),
    (678, 298, 'classic_dlx_s', 1),
    (679, 299, 'classic_dlx_s', 1),
    (680, 299, 'spinach_fet_m', 1),
    (681, 300, 'big_meat_s', 1),
    (682, 300, 'ital_cpcllo_s', 1),
    (683, 300, 'ital_veggie_s', 1),
    (684, 300, 'spinach_supr_s', 1),
    (685, 301, 'napolitana_l', 1),
    (686, 302, 'peppr_salami_l', 1),
    (687, 303, 'big_meat_s', 1),
    (688, 303, 'ital_cpcllo_m', 1),
    (689, 303, 'pepperoni_s', 1),
    (690, 304, 'hawaiian_s', 1),
    (691, 304, 'mexicana_l', 1),
    (692, 305, 'pepperoni_l', 1),
    (693, 305, 'sicilian_s', 1),
    (694, 305, 'spicy_ital_m', 1),
    (695, 306, 'big_meat_s', 1),
    (696, 306, 'hawaiian_s', 1),
    (697, 306, 'napolitana_m', 1),
    (698, 307, 'classic_dlx_l', 1),
    (699, 307, 'thai_ckn_m', 1),
    (700, 308, 'hawaiian_l', 1),
(701, 308, 'pep_msh_pep_l', 1),
(702, 308, 'thai_ckn_s', 1),
(703, 309, 'five_cheese_l', 1),
(704, 309, 'peppr_salami_m', 1),
(705, 310, 'hawaiian_s', 1),
(706, 310, 'thai_ckn_s', 1),
(707, 311, 'sicilian_l', 1),
(708, 312, 'big_meat_s', 1),
(709, 312, 'brie_carre_s', 1),
(710, 312, 'ckn_alfredo_m', 1),
(711, 312, 'sicilian_m', 1),
(712, 313, 'classic_dlx_m', 1),
(713, 314, 'calabrese_m', 1),
(714, 314, 'five_cheese_l', 1),
(715, 314, 'green_garden_m', 1),
(716, 314, 'hawaiian_m', 1),
(717, 314, 'veggie_veg_m', 1),
(718, 315, 'classic_dlx_m', 1),
(719, 316, 'hawaiian_s', 1),
(720, 316, 'ital_supr_m', 1),
(721, 317, 'cali_ckn_s', 1),
(722, 317, 'classic_dlx_m', 1),
(723, 317, 'four_cheese_l', 1),
(724, 317, 'hawaiian_s', 1),
(725, 317, 'pep_msh_pep_l', 1),
(726, 317, 'prsc_argla_s', 1),
(727, 317, 'spinach_fet_s', 1),
(728, 318, 'ital_cpcllo_l', 1),
(729, 318, 'mexicana_l', 1),
(730, 318, 'soppressata_s', 1),
(731, 318, 'spicy_ital_l', 1),
(732, 319, 'ital_supr_m', 1),
(733, 320, 'cali_ckn_m', 1),
(734, 320, 'ckn_pesto_l', 1),
(735, 321, 'ital_supr_l', 1),
(736, 322, 'cali_ckn_l', 1),
(737, 322, 'ckn_pesto_l', 1),
(738, 322, 'classic_dlx_s', 1),
(739, 322, 'thai_ckn_l', 1),
(740, 323, 'classic_dlx_m', 1),
(741, 324, 'five_cheese_l', 1),
(742, 325, 'classic_dlx_s', 1),
(743, 325, 'veggie_veg_s', 1),
(744, 326, 'cali_ckn_m', 1),
(745, 326, 'spinach_supr_l', 1),
(746, 327, 'classic_dlx_m', 1),
(747, 328, 'mediterraneo_l', 1),
(748, 329, 'spicy_ital_l', 1),
(749, 329, 'spinach_supr_m', 1),
(750, 330, 'big_meat_s', 1),
(751, 330, 'ckn_alfredo_m', 1),
(752, 330, 'classic_dlx_m', 1),
(753, 330, 'classic_dlx_s', 1),
(754, 330, 'five_cheese_l', 1),
(755, 330, 'four_cheese_l', 2),
(756, 330, 'hawaiian_l', 1),
(757, 330, 'pep_msh_pep_l', 1),
(758, 330, 'peppr_salami_s', 1),
(759, 330, 'sicilian_l', 1),
(760, 330, 'spicy_ital_l', 1),
(761, 330, 'spicy_ital_m', 1),
(762, 330, 'spinach_fet_l', 1),
(763, 330, 'the_greek_m', 1),
(764, 331, 'prsc_argla_m', 1),
(765, 332, 'sicilian_m', 1),
(766, 332, 'southw_ckn_l', 1),
(767, 332, 'thai_ckn_m', 1),
(768, 333, 'ckn_alfredo_m', 1),
(769, 334, 'calabrese_l', 1),
(770, 334, 'pepperoni_m', 1),
(771, 334, 'southw_ckn_m', 1),
(772, 334, 'thai_ckn_l', 1),
(773, 335, 'mediterraneo_l', 1),
(774, 336, 'prsc_argla_l', 1),
(775, 337, 'hawaiian_l', 1),
(776, 337, 'pepperoni_l', 1),
(777, 338, 'mexicana_l', 1),
(778, 338, 'thai_ckn_l', 1),
(779, 338, 'the_greek_xl', 1),
(780, 339, 'spicy_ital_m', 1),
(781, 340, 'peppr_salami_s', 1),
(782, 341, 'bbq_ckn_m', 1),
(783, 341, 'pepperoni_s', 1),
(784, 342, 'sicilian_l', 1),
(785, 342, 'southw_ckn_l', 1),
(786, 343, 'five_cheese_l', 1),
(787, 343, 'four_cheese_m', 1),
(788, 344, 'ital_cpcllo_m', 1),
(789, 345, 'peppr_salami_s', 1),
(790, 345, 'spinach_fet_s', 1),
(791, 346, 'green_garden_s', 1),
(792, 346, 'hawaiian_s', 1),
(793, 346, 'ital_cpcllo_l', 1),
(794, 346, 'napolitana_s', 1),
(795, 347, 'spinach_fet_l', 1),
(796, 347, 'thai_ckn_l', 1),
(797, 347, 'veggie_veg_m', 1),
(798, 348, 'classic_dlx_m', 1),
(799, 348, 'thai_ckn_l', 1),
(800, 348, 'thai_ckn_s', 1),
(801, 349, 'pepperoni_l', 1),
(802, 350, 'classic_dlx_l', 1),
(803, 350, 'pepperoni_m', 2),
(804, 350, 'spicy_ital_s', 1),
(805, 351, 'big_meat_s', 1),
(806, 351, 'hawaiian_m', 1),
(807, 352, 'big_meat_s', 1),
(808, 352, 'ital_cpcllo_l', 1),
(809, 353, 'bbq_ckn_l', 1),
(810, 353, 'cali_ckn_l', 1),
    (811, 353, 'prsc_argla_s', 1),
    (812, 354, 'green_garden_s', 1),
    (813, 354, 'veggie_veg_l', 1),
    (814, 355, 'ckn_alfredo_m', 1),
    (815, 355, 'ital_supr_m', 1),
    (816, 356, 'ckn_alfredo_m', 1),
    (817, 357, 'cali_ckn_l', 1),
    (818, 357, 'southw_ckn_s', 1),
    (819, 357, 'spinach_fet_s', 1),
    (820, 358, 'ital_supr_m', 1),
    (821, 359, 'green_garden_m', 1),
    (822, 359, 'thai_ckn_l', 1),
    (823, 360, 'bbq_ckn_l', 1),
    (824, 360, 'green_garden_s', 1),
    (825, 360, 'hawaiian_s', 1),
    (826, 361, 'big_meat_s', 2),
    (827, 361, 'ital_cpcllo_s', 1),
    (828, 362, 'bbq_ckn_m', 1),
    (829, 362, 'mexicana_l', 1),
    (830, 363, 'mediterraneo_l', 1),
    (831, 363, 'mexicana_l', 1),
    (832, 364, 'ital_supr_m', 1),
    (833, 364, 'the_greek_xl', 1),
    (834, 365, 'four_cheese_m', 1),
    (835, 365, 'mediterraneo_l', 1),
    (836, 365, 'pepperoni_m', 1),
    (837, 366, 'ital_cpcllo_l', 1),
    (838, 367, 'hawaiian_l', 1),
    (839, 367, 'spinach_fet_m', 1),
    (840, 368, 'spin_pesto_m', 1),
    (841, 368, 'thai_ckn_l', 1),
    (842, 369, 'spinach_fet_m', 1),
    (843, 370, 'four_cheese_l', 1),
    (844, 370, 'hawaiian_s', 1),
    (845, 371, 'pepperoni_m', 1),
    (846, 372, 'spinach_fet_s', 1),
    (847, 373, 'ckn_pesto_s', 1),
    (848, 373, 'classic_dlx_m', 1),
    (849, 373, 'sicilian_l', 1),
    (850, 374, 'big_meat_s', 1),
    (851, 374, 'ckn_alfredo_m', 1),
    (852, 374, 'peppr_salami_s', 1),
    (853, 375, 'mexicana_m', 1),
    (854, 376, 'the_greek_xl', 1),
    (855, 376, 'veggie_veg_l', 1),
    (856, 377, 'hawaiian_m', 1),
    (857, 377, 'thai_ckn_l', 1),
    (858, 378, 'ital_veggie_s', 1),
    (859, 379, 'thai_ckn_l', 1),
    (860, 380, 'calabrese_m', 1),
(861, 380, 'cali_ckn_m', 1),
  (862, 381, 'southw_ckn_m', 1),
  (863, 382, 'thai_ckn_s', 1),
  (864, 382, 'veggie_veg_m', 1),
  (865, 383, 'spicy_ital_m', 1),
  (866, 384, 'hawaiian_s', 1),
  (867, 384, 'ital_cpcllo_m', 1),
  (868, 384, 'mediterraneo_m', 1),
  (869, 384, 'the_greek_s', 1),
  (870, 385, 'veggie_veg_l', 1),
  (871, 386, 'ital_veggie_s', 1),
  (872, 386, 'soppressata_m', 1),
  (873, 386, 'thai_ckn_m', 1),
  (874, 387, 'bbq_ckn_s', 1),
  (875, 387, 'big_meat_s', 1),
  (876, 387, 'ckn_pesto_m', 1),
  (877, 387, 'five_cheese_l', 1),
  (878, 387, 'pepperoni_s', 1),
  (879, 387, 'spicy_ital_l', 1),
  (880, 387, 'spinach_fet_s', 1),
  (881, 388, 'bbq_ckn_s', 1),
  (882, 388, 'ckn_alfredo_m', 1),
  (883, 388, 'mediterraneo_m', 1),
  (884, 388, 'veggie_veg_s', 1),
  (885, 389, 'spin_pesto_l', 1),
  (886, 390, 'pep_msh_pep_l', 1),
  (887, 391, 'the_greek_m', 1),
  (888, 392, 'big_meat_s', 1),
  (889, 392, 'calabrese_s', 1),
  (890, 392, 'cali_ckn_l', 1),
  (891, 392, 'pepperoni_s', 2),
  (892, 392, 'prsc_argla_l', 1),
  (893, 392, 'sicilian_l', 1),
  (894, 392, 'soppressata_l', 1),
  (895, 392, 'spicy_ital_l', 1),
  (896, 393, 'green_garden_s', 1),
  (897, 393, 'hawaiian_l', 1),
  (898, 394, 'big_meat_s', 1),
  (899, 394, 'ckn_pesto_s', 1),
  (900, 394, 'hawaiian_l', 1),
(901, 1, 'hawaiian_s', 1), 
(902, 1, 'pep_msh_pep_l', 1), 
(903, 3, 'pepperoni_m', 1), 
(904, 1, 'pepperoni_s', 1), 
(905, 1, 'sicilian_l', 1), 
(906, 1, 'spicy_ital_l', 1), 
(907, 1, 'spin_pesto_s', 1), 
(908, 1, 'thai_ckn_l', 1), 
(909, 1, 'veggie_veg_s', 1), 
(910, 1, 'napolitana_m', 1), 
(911, 1, 'spinach_fet_s', 1), 
(912, 2, 'five_cheese_l', 1), 
(913, 1, 'hawaiian_l', 1), 
(914, 1, 'pepperoni_m', 1), 
(915, 1, 'pepperoni_s', 1), 
(916, 1, 'bbq_ckn_m', 1), 
(917, 1, 'cali_ckn_l', 1), 
(918, 1, 'four_cheese_m', 1), 
(919, 1, 'the_greek_m', 1), 
(920, 1, 'pepperoni_m', 1), 
(921, 1, 'thai_ckn_l', 1), 
(922, 1, 'veggie_veg_m', 1), 
(923, 1, 'four_cheese_l', 1), 
(924, 1, 'ital_supr_m', 1), 
(925, 1, 'bbq_ckn_s', 1), 
(926, 1, 'classic_dlx_l', 1), 
(927, 1, 'prsc_argla_s', 1), 
(928, 1, 'ckn_pesto_l', 1), 
(929, 1, 'sicilian_l', 1), 
(930, 1, 'ckn_alfredo_m', 1), 
(931, 1, 'classic_dlx_m', 1), 
(932, 1, 'ital_veggie_s', 1), 
(933, 1, 'cali_ckn_m', 1), 
(934, 1, 'classic_dlx_l', 1), 
(935, 1, 'pepperoni_m', 1), 
(936, 1, 'brie_carre_s', 1), 
(937, 1, 'peppr_salami_m', 1), 
(938, 1, 'pepperoni_l', 1), 
(939, 2, 'big_meat_s', 1), 
(940, 1, 'mediterraneo_m', 1), 
(941, 1, 'the_greek_xl', 1), 
(942, 1, 'ital_supr_m', 1), 
(943, 1, 'southw_ckn_l', 1), 
(944, 1, 'brie_carre_s', 1), 
(945, 1, 'spinach_supr_m', 1), 
(946, 1, 'the_greek_s', 1), 
(947, 1, 'classic_dlx_s', 1), 
(948, 1, 'five_cheese_l', 1), 
(949, 1, 'ital_supr_m', 1), 
(950, 1, 'cali_ckn_s', 1), 
(951, 1, 'spinach_fet_l', 1), 
(952, 1, 'pepperoni_s', 1), 
(953, 1, 'ckn_pesto_m', 1), 
(954, 1, 'sicilian_m', 1), 
(955, 1, 'bbq_ckn_l', 1), 
(956, 1, 'hawaiian_l', 1), 
(957, 1, 'ital_veggie_m', 1), 
(958, 1, 'veggie_veg_s', 1), 
(959, 1, 'five_cheese_l', 1), 
(960, 1, 'pep_msh_pep_s', 1), 
(961, 1, 'bbq_ckn_l', 1), 
(962, 1, 'calabrese_l', 1), 
(963, 1, 'ckn_pesto_s', 1), 
(964, 1, 'four_cheese_l', 1), 
(965, 1, 'ital_supr_m', 1), 
(966, 1, 'spinach_fet_m', 1), 
(967, 1, 'ital_supr_l', 1), 
(968, 1, 'sicilian_s', 1), 
(969, 1, 'pepperoni_m', 1), 
(970, 1, 'soppressata_m', 1), 
(971, 1, 'classic_dlx_m', 1), 
(972, 1, 'sicilian_s', 1), 
(973, 1, 'soppressata_m', 1), 
(974, 1, 'spinach_fet_l', 1), 
(975, 1, 'calabrese_l', 1), 
(976, 1, 'ital_cpcllo_s', 1), 
(977, 1, 'spicy_ital_m', 1), 
(978, 1, 'green_garden_m', 1), 
(979, 1, 'sicilian_s', 1), 
(980, 1, 'big_meat_s', 1), 
(981, 1, 'ckn_alfredo_s', 1), 
(982, 1, 'four_cheese_l', 1), 
(983, 1, 'hawaiian_l', 1), 
(984, 1, 'ital_cpcllo_s', 1), 
(985, 1, 'thai_ckn_l', 1), 
(986, 1, 'veggie_veg_s', 1), 
(987, 1, 'spicy_ital_l', 1), 
(988, 1, 'napolitana_m', 1), 
(989, 1, 'spicy_ital_l', 1), 
(990, 1, 'veggie_veg_l', 1), 
(991, 1, 'classic_dlx_m', 1), 
(992, 1, 'pep_msh_pep_m', 1), 
(993, 1, 'spinach_supr_s', 1), 
(994, 1, 'classic_dlx_l', 1), 
(995, 1, 'ital_supr_m', 1), 
(996, 1, 'pep_msh_pep_s', 1), 
(997, 1, 'peppr_salami_s', 1), 
(998, 1, 'bbq_ckn_m', 1), 
(999, 1, 'veggie_veg_m', 1), 
(1000, 1, 'ckn_alfredo_m', 1), 
(1001, 1, 'pepperoni_m', 1), 
(1002, 1, 'the_greek_s', 1), 
(1003, 1, 'calabrese_m', 1), 
(1004, 1, 'ckn_alfredo_m', 1), 
(1005, 1, 'five_cheese_l', 1), 
(1006, 1, 'four_cheese_l', 1), 
(1007, 1, 'four_cheese_m', 1), 
(1008, 1, 'green_garden_l', 1), 
(1009, 1, 'green_garden_m', 1), 
(1010, 1, 'hawaiian_l', 1),
(1011, 440, 'ital_veggie_l', 1),
  (1012, 440, 'pepperoni_l', 1),
  (1013, 440, 'spicy_ital_l', 1),
  (1014, 440, 'spinach_fet_s', 1),
  (1015, 440, 'thai_ckn_l', 1),
  (1016, 440, 'veggie_veg_m', 1),
  (1017, 441, 'spicy_ital_l', 1),
  (1018, 441, 'thai_ckn_l', 1),
  (1019, 442, 'peppr_salami_l', 1),
  (1020, 443, 'big_meat_s', 1),
  (1021, 443, 'cali_ckn_m', 2),
  (1022, 443, 'four_cheese_l', 1),
  (1023, 443, 'ital_cpcllo_m', 1),
  (1024, 443, 'ital_veggie_m', 1),
  (1025, 443, 'mexicana_l', 1),
  (1026, 443, 'pepperoni_l', 1),
  (1027, 443, 'sicilian_l', 1),
  (1028, 443, 'sicilian_m', 1),
  (1029, 443, 'southw_ckn_m', 1),
  (1030, 443, 'spicy_ital_l', 1),
  (1031, 443, 'spicy_ital_s', 1),
  (1032, 443, 'spinach_supr_m', 1),
  (1033, 443, 'thai_ckn_m', 1),
  (1034, 444, 'four_cheese_m', 1),
  (1035, 445, 'hawaiian_l', 1),
  (1036, 446, 'big_meat_s', 1),
  (1037, 446, 'ital_veggie_m', 1),
  (1038, 446, 'sicilian_l', 1),
  (1039, 447, 'five_cheese_l', 1),
  (1040, 448, 'hawaiian_s', 1),
  (1041, 448, 'pep_msh_pep_m', 1),
  (1042, 448, 'sicilian_m', 1),
  (1043, 449, 'thai_ckn_l', 1),
  (1044, 450, 'big_meat_s', 1),
  (1045, 451, 'five_cheese_l', 1),
  (1046, 451, 'ital_cpcllo_m', 1),
  (1047, 451, 'southw_ckn_l', 1),
  (1048, 452, 'bbq_ckn_m', 1),
  (1049, 452, 'big_meat_s', 1),
  (1050, 452, 'sicilian_m', 1),
  (1051, 453, 'cali_ckn_s', 1),
  (1052, 453, 'four_cheese_l', 1),
  (1053, 453, 'sicilian_m', 1),
  (1054, 453, 'thai_ckn_l', 1),
  (1055, 454, 'spicy_ital_m', 1),
  (1056, 455, 'ital_supr_l', 1),
  (1057, 456, 'spinach_fet_l', 1),
  (1058, 457, 'cali_ckn_l', 1),
  (1059, 457, 'ckn_alfredo_m', 1),
  (1060, 457, 'classic_dlx_m', 1),
  (1061, 458, 'prsc_argla_m', 1),
  (1062, 458, 'spinach_supr_m', 1),
  (1063, 458, 'the_greek_s', 1),
  (1064, 459, 'spicy_ital_l', 1),
  (1065, 460, 'green_garden_s', 1),
  (1066, 460, 'ital_supr_m', 1),
  (1067, 461, 'cali_ckn_m', 1),
  (1068, 461, 'hawaiian_s', 1),
  (1069, 462, 'spinach_fet_s', 1),
  (1070, 463, 'bbq_ckn_l', 1),
  (1071, 463, 'prsc_argla_m', 1),
  (1072, 464, 'bbq_ckn_l', 1),
  (1073, 464, 'calabrese_m', 1),
  (1074, 465, 'napolitana_s', 1),
  (1075, 466, 'spinach_fet_l', 1),
  (1076, 466, 'the_greek_xl', 1),
  (1077, 467, 'prsc_argla_s', 1),
  (1078, 468, 'four_cheese_l', 1),
  (1079, 468, 'pepperoni_l', 1),
  (1080, 469, 'bbq_ckn_m', 1),
  (1081, 469, 'sicilian_s', 1),
  (1082, 470, 'veggie_veg_s', 1),
  (1083, 471, 'ital_veggie_s', 1),
  (1084, 472, 'ital_veggie_l', 1),
  (1085, 472, 'ital_veggie_m', 1),
  (1086, 473, 'hawaiian_l', 1),
  (1087, 473, 'prsc_argla_m', 1),
  (1088, 473, 'southw_ckn_m', 1),
  (1089, 474, 'green_garden_s', 1),
  (1090, 474, 'pepperoni_s', 1),
  (1091, 475, 'big_meat_s', 1),
    (1092, 475, 'thai_ckn_l', 1),
    (1093, 476, 'pepperoni_m', 1),
    (1094, 476, 'prsc_argla_l', 1),
    (1095, 476, 'veggie_veg_m', 1),
    (1096, 477, 'green_garden_m', 1),
    (1097, 477, 'mexicana_m', 1),
    (1098, 478, 'calabrese_m', 1),
    (1099, 478, 'ckn_alfredo_m', 1),
    (1100, 479, 'five_cheese_l', 1),
    (1101, 479, 'ital_cpcllo_l', 2),
    (1102, 480, 'pepperoni_m', 1),
    (1103, 481, 'pepperoni_s', 1),
    (1104, 481, 'spinach_fet_s', 1),
    (1105, 482, 'green_garden_l', 1),
    (1106, 482, 'ital_supr_m', 1),
    (1107, 482, 'spicy_ital_s', 1),
    (1108, 483, 'bbq_ckn_l', 1),
    (1109, 483, 'napolitana_s', 1),
    (1110, 483, 'pep_msh_pep_s', 1),
    (1111, 483, 'spicy_ital_m', 1),
    (1112, 484, 'four_cheese_l', 1),
    (1113, 484, 'mexicana_l', 1),
    (1114, 485, 'cali_ckn_m', 1),
    (1115, 486, 'spinach_supr_s', 1),
    (1116, 487, 'hawaiian_s', 1),
    (1117, 487, 'sicilian_l', 1),
    (1118, 487, 'spinach_fet_l', 1),
    (1119, 488, 'veggie_veg_m', 1),
    (1120, 489, 'peppr_salami_l', 1),
    (1121, 490, 'big_meat_s', 1),
    (1122, 490, 'classic_dlx_m', 1),
    (1123, 490, 'napolitana_m', 1),
    (1124, 491, 'napolitana_s', 1),
    (1125, 491, 'pepperoni_l', 1),
    (1126, 491, 'peppr_salami_l', 1),
    (1127, 491, 'prsc_argla_m', 1),
    (1128, 492, 'ckn_pesto_l', 1),
    (1129, 492, 'sicilian_m', 1),
    (1130, 492, 'spinach_fet_m', 1),
    (1131, 493, 'ital_supr_l', 1),
    (1132, 494, 'five_cheese_l', 1),
    (1133, 494, 'four_cheese_l', 1),
    (1134, 494, 'mexicana_l', 1),
    (1135, 494, 'southw_ckn_l', 1),
    (1136, 495, 'ital_supr_m', 1),
    (1137, 495, 'sicilian_l', 1),
    (1138, 496, 'hawaiian_l', 1),
    (1139, 496, 'soppressata_s', 1),
    (1140, 497, 'veggie_veg_s', 1),
    (1141, 498, 'ital_supr_m', 1),
    (1142, 499, 'calabrese_s', 1),
    (1143, 499, 'four_cheese_l', 1),
    (1144, 499, 'mexicana_m', 1),
    (1145, 499, 'pep_msh_pep_m', 1),
    (1146, 500, 'mediterraneo_m', 1),
    (1147, 501, 'cali_ckn_s', 1),
    (1148, 501, 'hawaiian_s', 1),
    (1149, 501, 'southw_ckn_l', 1),
    (1150, 502, 'ital_veggie_m', 1),
    (1151, 503, 'pepperoni_l', 1),
    (1152, 503, 'sicilian_m', 1),
    (1153, 504, 'the_greek_l', 1),
    (1154, 505, 'pepperoni_m', 1),
    (1155, 505, 'the_greek_xl', 1),
    (1156, 506, 'spinach_fet_m', 1),
    (1157, 507, 'ckn_pesto_s', 1),
    (1158, 508, 'cali_ckn_m', 1),
    (1159, 508, 'cali_ckn_s', 1),
    (1160, 508, 'pepperoni_m', 1),
    (1161, 509, 'spicy_ital_l', 1),
    (1162, 510, 'classic_dlx_m', 1),
    (1163, 510, 'classic_dlx_s', 1),
    (1164, 510, 'ital_supr_l', 1),
    (1165, 510, 'spicy_ital_l', 1),
    (1166, 511, 'five_cheese_l', 1),
    (1167, 512, 'ital_veggie_m', 1),
    (1168, 513, 'four_cheese_l', 1),
    (1169, 513, 'ital_veggie_m', 1),
    (1170, 513, 'pepperoni_l', 1),
    (1171, 513, 'thai_ckn_l', 1),
    (1172, 514, 'classic_dlx_s', 1),
    (1173, 515, 'ckn_pesto_l', 1),
    (1174, 515, 'mediterraneo_l', 1),
    (1175, 516, 'napolitana_l', 1),
    (1176, 516, 'veggie_veg_l', 1),
    (1177, 517, 'mexicana_m', 1),
    (1178, 518, 'big_meat_s', 1),
    (1179, 518, 'prsc_argla_l', 1),
    (1180, 518, 'sicilian_s', 1),
    (1182, 520, 'spin_pesto_l', 1),
    (1183, 521, 'thai_ckn_s', 1),
    (1184, 522, 'bbq_ckn_s', 1),
    (1185, 522, 'big_meat_s', 1),
    (1186, 522, 'classic_dlx_s', 1),
    (1187, 522, 'five_cheese_l', 1),
    (1188, 522, 'four_cheese_l', 2),
    (1189, 522, 'green_garden_s', 1),
    (1190, 522, 'ital_cpcllo_m', 2),
    (1191, 522, 'ital_veggie_l', 1),
    (1192, 522, 'sicilian_l', 1),
    (1193, 522, 'the_greek_l', 1),
    (1194, 522, 'the_greek_m', 1),
    (1195, 523, 'prsc_argla_m', 1),
    (1196, 524, 'sicilian_s', 1),
    (1197, 524, 'thai_ckn_m', 1),
    (1198, 525, 'pepperoni_l', 1),
    (1199, 526, 'cali_ckn_l', 1),
    (1200, 526, 'five_cheese_l', 1),
(1201, 527, 'four_cheese_l', 1),
  (1202, 527, 'southw_ckn_l', 1),
  (1203, 528, 'ital_cpcllo_m', 1),
  (1204, 529, 'calabrese_m', 1),
  (1205, 529, 'cali_ckn_m', 2),
  (1206, 529, 'hawaiian_s', 1),
  (1207, 530, 'classic_dlx_l', 1),
  (1208, 530, 'ital_supr_m', 1),
  (1209, 531, 'peppr_salami_m', 2),
  (1210, 532, 'peppr_salami_l', 1),
  (1211, 532, 'soppressata_s', 1),
  (1212, 533, 'five_cheese_l', 1),
  (1213, 533, 'spicy_ital_l', 1),
  (1214, 533, 'the_greek_xl', 1),
  (1215, 534, 'prsc_argla_l', 1),
  (1216, 534, 'southw_ckn_l', 1),
  (1217, 535, 'classic_dlx_m', 1),
  (1218, 536, 'brie_carre_s', 1),
  (1219, 536, 'peppr_salami_l', 1),
  (1220, 537, 'classic_dlx_s', 1),
  (1221, 537, 'hawaiian_s', 1),
  (1222, 537, 'ital_supr_l', 1),
  (1223, 538, 'spinach_supr_l', 1),
  (1224, 539, 'five_cheese_l', 1),
  (1225, 539, 'ital_veggie_l', 1),
  (1226, 539, 'spinach_fet_m', 1),
  (1227, 540, 'spinach_supr_l', 1),
  (1228, 541, 'big_meat_s', 1),
  (1229, 542, 'bbq_ckn_l', 1),
  (1230, 542, 'prsc_argla_m', 1),
  (1231, 543, 'ckn_pesto_l', 1),
  (1232, 543, 'classic_dlx_m', 1),
  (1233, 543, 'mediterraneo_m', 1),
  (1234, 544, 'napolitana_m', 1),
  (1235, 544, 'sicilian_m', 1),
  (1236, 545, 'pepperoni_l', 1),
  (1237, 545, 'pepperoni_s', 1),
  (1238, 545, 'peppr_salami_l', 1),
  (1239, 545, 'soppressata_l', 1),
  (1240, 546, 'green_garden_s', 1),
  (1241, 547, 'big_meat_s', 1),
  (1242, 548, 'hawaiian_l', 1),
  (1243, 549, 'big_meat_s', 1),
  (1244, 549, 'thai_ckn_l', 1),
  (1245, 550, 'spinach_fet_m', 1),
  (1246, 550, 'the_greek_m', 1),
  (1247, 551, 'four_cheese_l', 1),
  (1248, 551, 'soppressata_m', 1),
  (1249, 551, 'thai_ckn_l', 1),
  (1250, 551, 'the_greek_m', 1),
  (1251, 552, 'ckn_alfredo_m', 1),
  (1252, 552, 'green_garden_s', 1);
  INSERT INTO ORDER_DETAILS (ORDER_DETAIL_ID, ORDER_ID, PIZZA_ID, QUANTITY) VALUES 
  (1253, 552, 'ital_supr_l', 1),
  (1254, 553, 'mexicana_l', 1),
  (1255, 554, 'ckn_alfredo_m', 1),
  (1256, 554, 'green_garden_s', 1),
  (1257, 555, 'bbq_ckn_s', 1),
  (1258, 555, 'hawaiian_s', 1),
  (1259, 556, 'four_cheese_l', 1),
  (1260, 556, 'the_greek_xl', 1),
  (1261, 557, 'sicilian_s', 1),
  (1262, 557, 'spicy_ital_s', 1),
  (1263, 558, 'hawaiian_m', 1),
  (1264, 559, 'classic_dlx_s', 1),
  (1265, 560, 'green_garden_m', 1),
  (1266, 560, 'spicy_ital_m', 1),
  (1267, 561, 'spinach_supr_s', 1),
  (1268, 562, 'ckn_alfredo_m', 1),
  (1269, 563, 'mexicana_l', 1),
  (1270, 563, 'veggie_veg_s', 1),
  (1271, 564, 'mediterraneo_s', 1),
  (1272, 564, 'pepperoni_m', 1),
  (1273, 564, 'spinach_supr_l', 1),
  (1274, 565, 'ital_veggie_s', 1),
  (1275, 566, 'spinach_supr_l', 1),
  (1276, 567, 'bbq_ckn_l', 1),
  (1277, 567, 'five_cheese_l', 2),
  (1278, 567, 'four_cheese_m', 1),
  (1279, 567, 'pepperoni_m', 1),
  (1280, 567, 'sicilian_m', 1),
  (1281, 567, 'sicilian_s', 1),
    (1282, 567, 'soppressata_l', 1),
    (1283, 567, 'spicy_ital_l', 1),
    (1284, 567, 'spinach_supr_m', 1),
    (1285, 567, 'thai_ckn_s', 1),
    (1286, 568, 'mexicana_l', 1),
    (1287, 569, 'bbq_ckn_s', 1),
    (1288, 569, 'ckn_alfredo_m', 1),
    (1289, 569, 'classic_dlx_s', 1),
    (1290, 570, 'green_garden_m', 1),
    (1291, 570, 'southw_ckn_l', 1),
    (1292, 571, 'big_meat_s', 1),
    (1293, 572, 'southw_ckn_m', 1),
    (1294, 573, 'classic_dlx_m', 1),
    (1295, 573, 'five_cheese_l', 1),
    (1296, 574, 'ital_veggie_m', 1),
    (1297, 575, 'classic_dlx_l', 1),
    (1298, 575, 'napolitana_l', 1),
    (1299, 575, 'pepperoni_l', 1),
    (1300, 575, 'spinach_fet_m', 1),
    (1301, 576, 'big_meat_s', 1),
    (1302, 576, 'ckn_alfredo_m', 1),
    (1303, 576, 'spinach_fet_s', 1),
    (1304, 577, 'spinach_fet_m', 1),
    (1305, 577, 'veggie_veg_l', 1),
    (1306, 578, 'bbq_ckn_s', 1),
    (1307, 578, 'calabrese_m', 1),
    (1308, 578, 'pepperoni_l', 1),
    (1309, 578, 'peppr_salami_m', 1),
    (1310, 578, 'the_greek_xl', 1),
    (1311, 579, 'green_garden_s', 1),
    (1312, 580, 'hawaiian_m', 1),
    (1313, 580, 'southw_ckn_m', 1),
    (1314, 581, 'mexicana_l', 1),
    (1315, 582, 'mediterraneo_l', 1),
    (1316, 583, 'ital_supr_l', 1),
    (1317, 584, 'sicilian_s', 1),
    (1318, 584, 'soppressata_s', 1),
    (1319, 585, 'brie_carre_s', 1),
    (1320, 585, 'mexicana_l', 1),
    (1321, 586, 'ital_cpcllo_m', 1),
    (1322, 586, 'southw_ckn_m', 1),
    (1323, 587, 'peppr_salami_l', 1),
    (1324, 587, 'peppr_salami_s', 1),
    (1325, 588, 'cali_ckn_s', 1),
    (1326, 589, 'ital_supr_s', 1),
    (1327, 589, 'mediterraneo_m', 1),
    (1328, 589, 'veggie_veg_s', 1),
    (1329, 590, 'five_cheese_l', 1),
    (1330, 591, 'four_cheese_l', 1),
    (1331, 591, 'southw_ckn_s', 1),
    (1332, 591, 'spin_pesto_l', 1),
    (1333, 592, 'ital_veggie_s', 1),
    (1334, 592, 'pep_msh_pep_m', 1),
    (1335, 592, 'thai_ckn_l', 1),
    (1336, 593, 'cali_ckn_l', 1),
    (1337, 593, 'spicy_ital_l', 1),
    (1338, 594, 'calabrese_l', 1),
    (1339, 595, 'classic_dlx_l', 1),
    (1340, 595, 'prsc_argla_m', 1),
    (1341, 596, 'pep_msh_pep_s', 1),
    (1342, 596, 'soppressata_s', 1),
    (1343, 597, 'cali_ckn_l', 1),
    (1344, 597, 'prsc_argla_m', 1),
    (1345, 597, 'spicy_ital_m', 1),
    (1346, 598, 'prsc_argla_l', 1),
    (1347, 599, 'peppr_salami_l', 1),
    (1348, 600, 'classic_dlx_s', 1),
    (1349, 600, 'four_cheese_l', 1),
    (1350, 600, 'mediterraneo_m', 1), 
(1351, 661, 'mexicana_m', 1), 
(1352, 662, 'bbq_ckn_l', 1), 
(1353, 663, 'classic_dlx_s', 1), 
(1354, 664, 'spin_pesto_m', 1), 
(1355, 665, 'peppr_salami_l', 1), 
(1356, 665, 'mexicana_m', 1), 
(1357, 666, 'soppressata_s', 1), 
(1358, 666, 'spinach_supr_m', 1), 
(1359, 667, 'pepperoni_m', 1), 
(1360, 668, 'the_greek_xl', 1), 
(1361, 668, 'pepperoni_l', 1), 
(1362, 669, 'bbq_ckn_m', 1), 
(1363, 669, 'ital_supr_m', 1), 
(1364, 670, 'spinach_supr_l', 1), 
(1365, 671, 'hawaiian_l', 1), 
(1366, 671, 'pepperoni_m', 1), 
(1367, 672, 'thai_ckn_l', 1), 
(1368, 672, 'thai_ckn_s', 1), 
(1369, 673, 'four_cheese_l', 1), 
(1370, 674, 'big_meat_s', 1), 
(1371, 674, 'pepperoni_l', 1), 
(1372, 675, 'five_cheese_l', 1), 
(1373, 676, 'mexicana_s', 1), 
(1374, 677, 'southw_ckn_m', 1), 
(1375, 677, 'the_greek_xl', 1), 
(1376, 678, 'big_meat_s', 1), 
(1377, 679, 'ital_supr_l', 1), 
(1378, 679, 'mexicana_l', 1), 
(1379, 680, 'soppressata_s', 1), 
(1380, 681, 'napolitana_s', 1), 
(1381, 682, 'peppr_salami_l', 1), 
(1382, 683, 'cali_ckn_l', 1), 
(1383, 683, 'pep_msh_pep_m', 1), 
(1384, 684, 'prsc_argla_l', 1), 
(1385, 685, 'veggie_veg_m', 1), 
(1386, 686, 'ckn_pesto_l', 1), 
(1387, 686, 'southw_ckn_m', 1), 
(1388, 687, 'prsc_argla_m', 1), 
(1389, 687, 'spin_pesto_m', 1), 
(1390, 688, 'ital_cpcllo_l', 1), 
(1391, 688, 'bbq_ckn_l', 1), 
(1392, 689, 'cali_ckn_m', 1), 
(1393, 690, 'peppr_salami_m', 1), 
(1394, 690, 'the_greek_s', 1), 
(1395, 691, 'calabrese_m', 1), 
(1396, 692, 'four_cheese_l', 1), 
(1397, 692, 'mexicana_l', 1), 
(1398, 693, 'spicy_ital_l', 1), 
(1399, 694, 'ital_supr_m', 1), 
(1400, 694, 'spicy_ital_l', 1), 
(1401, 695, 'cali_ckn_l', 1), 
(1402, 695, 'hawaiian_l', 1), 
(1403, 696, 'cali_ckn_m', 1), 
(1404, 696, 'veggie_veg_m', 1), 
(1405, 697, 'spinach_fet_l', 1), 
(1406, 697, 'spinach_supr_m', 1), 
(1407, 698, 'classic_dlx_m', 1), 
(1408, 698, 'four_cheese_m', 1), 
(1409, 699, 'the_greek_l', 1), 
(1410, 699, 'the_greek_m', 1), 
(1411, 700, 'classic_dlx_l', 1), 
(1412, 700, 'ital_veggie_s', 1), 
(1413, 701, 'the_greek_s', 1), 
(1414, 701, 'veggie_veg_s', 1), 
(1415, 702, 'calabrese_m', 1), 
(1416, 703, 'five_cheese_l', 1), 
(1417, 703, 'pep_msh_pep_m', 1), 
(1418, 704, 'spin_pesto_l', 1), 
(1419, 704, 'sicilian_s', 1), 
(1420, 705, 'pepperoni_l', 1), 
(1421, 705, 'classic_dlx_s', 1), 
(1422, 706, 'mediterraneo_l', 1), 
(1423, 706, 'pepperoni_l', 1), 
(1424, 707, 'peppr_salami_l', 1), 
(1425, 707, 'pepperoni_l', 1), 
(1426, 708, 'calabrese_l', 1), 
(1427, 709, 'cali_ckn_s', 1), 
(1428, 709, 'hawaiian_s', 1), 
(1429, 710, 'mexicana_l', 1), 
(1430, 710, 'pepperoni_m', 1), 
(1431, 711, 'pepperoni_s', 1), 
(1432, 711, 'peppr_salami_s', 1), 
(1433, 712, 'sicilian_s', 1), 
(1434, 712, 'spinach_fet_l', 1), 
(1435, 713, 'spinach_fet_s', 1), 
(1436, 713, 'classic_dlx_m', 1), 
(1437, 714, 'the_greek_l', 1), 
(1438, 714, 'veggie_veg_m', 1), 
(1439, 715, 'mexicana_l', 1), 
(1440, 715, 'pep_msh_pep_m', 1), 
(1441, 716, 'cali_ckn_s', 1), 
(1442, 716, 'ckn_pesto_l', 1), 
(1443, 717, 'napolitana_s', 1), 
(1444, 717, 'pepperoni_m', 1), 
(1445, 718, 'southw_ckn_l', 1), 
(1446, 718, 'spin_pesto_m', 1), 
(1447, 719, 'spinach_fet_s', 1), 
(1448, 719, 'calabrese_m', 1), 
(1449, 720, 'cali_ckn_l', 1), 
(1450, 720, 'ital_supr_l', 1),
(1451, 642, 'soppressata_l', 1),
  (1452, 643, 'spinach_fet_m', 1),
  (1453, 644, 'ital_supr_l', 1),
  (1454, 644, 'peppr_salami_m', 1),
  (1455, 645, 'bbq_ckn_m', 1),
  (1456, 645, 'big_meat_s', 1),
  (1457, 646, 'hawaiian_s', 1),
  (1458, 646, 'thai_ckn_l', 1),
  (1459, 647, 'hawaiian_s', 1),
  (1460, 648, 'four_cheese_l', 1),
  (1461, 648, 'pepperoni_m', 1),
  (1462, 649, 'cali_ckn_s', 1),
  (1463, 649, 'pepperoni_m', 1),
  (1464, 649, 'peppr_salami_m', 1),
  (1465, 649, 'sicilian_s', 1),
  (1466, 650, 'pepperoni_m', 1),
  (1467, 651, 'bbq_ckn_s', 1),
  (1468, 651, 'calabrese_m', 1),
  (1469, 651, 'pepperoni_m', 1),
  (1470, 652, 'big_meat_s', 1),
  (1471, 652, 'ckn_alfredo_m', 1),
  (1472, 652, 'ckn_pesto_s', 1),
  (1473, 652, 'prsc_argla_s', 1),
  (1474, 653, 'thai_ckn_s', 1),
  (1475, 654, 'mexicana_l', 1),
  (1476, 654, 'sicilian_l', 1),
  (1477, 654, 'spin_pesto_m', 1),
  (1478, 655, 'ital_supr_m', 1),
  (1479, 656, 'thai_ckn_l', 1),
  (1480, 656, 'veggie_veg_l', 1),
  (1481, 657, 'bbq_ckn_m', 1),
  (1482, 657, 'classic_dlx_m', 1),
  (1483, 658, 'napolitana_m', 1),
  (1484, 658, 'peppr_salami_s', 1),
  (1485, 658, 'veggie_veg_m', 1),
  (1486, 659, 'ital_supr_m', 1),
  (1487, 659, 'sicilian_l', 1),
  (1488, 660, 'bbq_ckn_s', 1),
  (1489, 660, 'ital_supr_m', 1),
  (1490, 661, 'napolitana_s', 1),
  (1491, 662, 'bbq_ckn_l', 1),
  (1492, 662, 'prsc_argla_s', 1),
  (1493, 663, 'four_cheese_l', 1),
  (1494, 664, 'calabrese_m', 1),
  (1495, 664, 'ital_supr_l', 1),
  (1496, 664, 'pepperoni_l', 1),
  (1497, 665, 'bbq_ckn_m', 1),
  (1498, 665, 'mediterraneo_s', 1),
  (1499, 666, 'hawaiian_l', 1),
  (1500, 667, 'big_meat_s', 1),
  (1501, 667, 'pepperoni_s', 1),
  (1502, 668, 'ital_supr_m', 1),
  (1503, 668, 'mexicana_l', 1),
  (1504, 668, 'peppr_salami_l', 1),
  (1505, 668, 'spicy_ital_m', 1),
  (1506, 669, 'ital_cpcllo_l', 1),
  (1507, 669, 'mexicana_l', 1),
  (1508, 670, 'ital_cpcllo_s', 1),
  (1509, 670, 'soppressata_m', 1),
  (1510, 671, 'ckn_pesto_s', 1),
  (1511, 672, 'green_garden_m', 1),
  (1512, 672, 'spicy_ital_l', 1),
  (1513, 673, 'soppressata_l', 1),
  (1514, 673, 'thai_ckn_m', 1),
  (1515, 674, 'ckn_pesto_m', 1),
  (1516, 674, 'mexicana_l', 1),
  (1517, 674, 'prsc_argla_s', 1),
  (1518, 674, 'spinach_fet_m', 1),
  (1519, 675, 'napolitana_l', 1),
  (1520, 676, 'mexicana_l', 1),
  (1521, 676, 'veggie_veg_m', 1),
  (1522, 677, 'peppr_salami_l', 1),
  (1523, 678, 'mexicana_s', 1),
  (1524, 678, 'napolitana_m', 1),
  (1525, 678, 'spicy_ital_m', 2),
  (1526, 679, 'brie_carre_s', 1),
  (1527, 679, 'four_cheese_m', 1),
  (1528, 679, 'ital_supr_l', 1),
  (1529, 679, 'mediterraneo_l', 1),
  (1530, 680, 'ckn_pesto_s', 1),
  (1531, 680, 'sicilian_m', 1), 
(1532, 681, 'peppr_salami_l', 1), 
(1533, 682, 'ital_supr_l', 1), 
(1534, 683, 'ckn_pesto_l', 1), 
(1535, 683, 'ital_veggie_s', 1), 
(1536, 683, 'peppr_salami_m', 1), 
(1537, 684, 'four_cheese_l', 1), 
(1538, 685, 'soppressata_l', 1), 
(1539, 686, 'big_meat_s', 1), 
(1540, 687, 'ital_veggie_m', 1), 
(1541, 688, 'spicy_ital_l', 1), 
(1542, 688, 'spinach_supr_m', 1), 
(1543, 689, 'thai_ckn_l', 1), 
(1544, 689, 'thai_ckn_m', 1), 
(1545, 690, 'pepperoni_m', 1), 
(1546, 691, 'bbq_ckn_l', 1), 
(1547, 692, 'cali_ckn_m', 1), 
(1548, 692, 'ital_veggie_m', 1), 
(1549, 693, 'bbq_ckn_l', 1), 
(1550, 693, 'big_meat_s', 1), 
(1551, 693, 'green_garden_m', 1), 
(1552, 693, 'ital_cpcllo_s', 1), 
(1553, 694, 'ital_veggie_l', 1), 
(1554, 694, 'pep_msh_pep_m', 1), 
(1555, 694, 'pepperoni_l', 1), 
(1556, 695, 'southw_ckn_s', 1), 
(1557, 696, 'prsc_argla_m', 1), 
(1558, 696, 'spicy_ital_s', 1), 
(1559, 697, 'classic_dlx_m', 1), 
(1560, 697, 'spin_pesto_s', 1), 
(1561, 698, 'big_meat_s', 1), 
(1562, 698, 'pep_msh_pep_l', 1), 
(1563, 698, 'thai_ckn_l', 1), 
(1564, 699, 'pepperoni_s', 1), 
(1565, 700, 'brie_carre_s', 1), 
(1566, 700, 'ckn_pesto_s', 1), 
(1567, 700, 'ital_cpcllo_l', 1), 
(1568, 700, 'peppr_salami_s', 1), 
(1569, 700, 'sicilian_s', 1), 
(1570, 701, 'hawaiian_s', 1), 
(1571, 701, 'prsc_argla_s', 1), 
(1572, 702, 'bbq_ckn_s', 1), 
(1573, 702, 'sicilian_s', 1), 
(1574, 703, 'peppr_salami_s', 1), 
(1575, 704, 'calabrese_m', 1), 
(1576, 704, 'mediterraneo_l', 1), 
(1577, 705, 'green_garden_s', 1), 
(1578, 705, 'ital_supr_m', 1), 
(1579, 705, 'southw_ckn_m', 1), 
(1580, 706, 'cali_ckn_s', 1), 
(1581, 706, 'napolitana_l', 1), 
(1582, 707, 'bbq_ckn_m', 1), 
(1583, 707, 'peppr_salami_l', 1), 
(1584, 707, 'southw_ckn_l', 1), 
(1585, 708, 'four_cheese_l', 1), 
(1586, 709, 'bbq_ckn_s', 1), 
(1587, 710, 'hawaiian_l', 1), 
(1588, 710, 'southw_ckn_l', 1), 
(1589, 710, 'the_greek_s', 1), 
(1590, 710, 'the_greek_xl', 1), 
(1591, 711, 'ckn_alfredo_m', 1), 
(1592, 711, 'mexicana_l', 1), 
(1593, 711, 'pep_msh_pep_m', 1), 
(1594, 711, 'sicilian_l', 1), 
(1595, 712, 'ital_veggie_l', 1), 
(1596, 713, 'five_cheese_l', 1), 
(1597, 713, 'mediterraneo_s', 1), 
(1598, 714, 'classic_dlx_m', 1), 
(1599, 714, 'hawaiian_l', 1), 
(1600, 714, 'hawaiian_s', 1);

Select * from orders;
select * from PIZZA_TYPES;
select * from pizzas;
SELECT * FROM order_details;




